"linearity","entropy","x_acf1","type","covariate1","covariate2"
-0.126415856971167,0.898347975189157,-0.608612489975033,"birdsongs",2.71508935649886,2.81219128650291
1.00503867066218,0.855726778759022,1.2339788689871,"birdsongs",3.26372215547567,-0.216105765931153
-0.424191443889095,0.929293246599461,1.01013491127645,"birdsongs",3.43515630964239,0.870875363866452
-0.225349568841948,0.80728913319528,0.453276560147483,"birdsongs",2.38793877495756,0.596758593448736
-3.39324133752146,0.678424205068828,0.30615984152505,"birdsongs",2.98810893919169,1.81582597515212
-0.372590688496517,0.813220793994659,-0.259125779916607,"birdsongs",3.07443618229706,0.674197316641178
-0.168838657294581,1.04181131870126,-0.248497162717062,"birdsongs",2.58252905316736,1.41323115451335
-0.443168322516052,0.806181996019899,0.571162403950822,"birdsongs",3.60763850659503,1.12456002309441
-0.0895745674322461,1.13612760336875,-0.0944740272288541,"birdsongs",3.50172765814915,1.66822202196055
-0.411562177855577,0.576749697003276,0.514734910019818,"birdsongs",3.29246255917591,0.796935781101214
1.90597687075594,0.574313889191889,0.945249069863108,"birdsongs",2.62348723245353,0.160865284722265
0.313877399728383,0.351959874524267,0.657272643335762,"birdsongs",2.97481510677662,1.19053630538575
-0.0524984462655302,0.97865582462753,-0.688299455261954,"birdsongs",3.91226587499933,1.39081135173259
-0.0807624009419757,0.910824196446923,-0.668508465749164,"birdsongs",3.84758750293882,1.22890567208883
0.226639402159616,0.930601809068675,0.664820344408504,"birdsongs",2.21992607542504,0.454238604398522
0.19976257148753,0.643986286898194,0.885390206897145,"birdsongs",2.06791028120156,-0.117874724475683
0.179859678768355,0.817472427795244,0.680731826972122,"birdsongs",2.98391599263861,1.09304790153717
0.101558416976362,0.822193725565556,0.413652776745931,"birdsongs",3.12389691786029,0.0838139127829081
0.443753061119453,0.804202647626938,1.11615622063229,"birdsongs",2.86922007516562,-0.373932174380564
-0.00978949511371587,0.721449740409845,0.623201228263626,"birdsongs",2.63908378999891,2.34740584030073
0.0392429399781259,0.834847849328217,-0.634469027729453,"birdsongs",3.04200522066299,2.42141168010498
-0.13482155040986,0.85364755873424,0.86475842639251,"birdsongs",3.06257136758656,2.90412881880578
-0.133983305904987,0.659331555707491,0.0422727906931977,"birdsongs",2.25650892769847,1.4484332641037
0.287959290123721,0.805423772031472,-1.12378235566758,"birdsongs",3.16964375959248,0.673180714435202
-0.16081602476115,0.819743084679882,0.605551184835732,"birdsongs",3.08344624068343,-0.734455473650661
-0.06213118466984,0.576491400577363,0.860439957529807,"birdsongs",3.98760306552599,1.43697060362998
0.0914725451214899,0.790748708611125,0.255864163442831,"birdsongs",2.84878567720858,2.07206955192873
0.0464011550344884,0.934275681272754,-0.243576781709444,"birdsongs",2.67443873955912,1.9185906233531
0.385712627331728,0.90140538839792,0.244560579672992,"birdsongs",2.45168344870458,0.641784866371272
0.424626922832699,1.18578659978899,0.300854667390966,"birdsongs",2.53026606092593,1.79481006262907
-0.120771836512728,1.18909516427229,-0.412615028619223,"birdsongs",4.15105815955412,-0.94508967855548
0.531581419904664,0.831787420149592,0.833065778019959,"birdsongs",3.61865256249548,1.1105320984997
-0.508964679372987,1.09121993363299,0.239460402313992,"birdsongs",2.49728209351887,0.941362596815009
0.160908735046687,0.711389517784804,0.614112207482494,"birdsongs",3.47105189133606,1.11540096711167
0.183965780823721,0.776469982229887,-0.355326994851946,"birdsongs",3.28747921127131,1.79958616987771
0.138890264717177,1.21189073217342,0.352856424683457,"birdsongs",3.48798715147637,0.39502994880604
-0.34439002811334,0.812231975402853,0.0596669889832118,"birdsongs",3.69961198491373,1.07011198849681
-0.0971237607294146,1.13616097027196,0.248678035710502,"birdsongs",3.26237224575682,1.06796109574238
-0.152373938254383,0.850282667880232,-0.317465355150161,"birdsongs",2.75754268933814,0.67988653503417
-0.0614583700224544,0.795716839438812,0.15606194938035,"birdsongs",3.46486679963144,0.781533151290726
-0.354751847914896,0.604262932277114,0.800730413144239,"birdsongs",2.33460616053093,0.34388455982714
-1.49967011942157,0.927998289582382,-0.256775284223299,"birdsongs",2.17787080106206,0.741458619525673
0.0945673118762229,0.791116631151186,0.850506916611469,"birdsongs",3.39144736387984,0.829720228621021
-0.52518518971141,0.647973703591843,0.159911459639864,"birdsongs",3.14159766722455,1.34404240617259
0.402207146342745,1.29543295283872,0.452361029259217,"birdsongs",2.78829323244337,-0.482587356219955
0.162439521544674,1.02799451608437,-0.180631871743003,"birdsongs",2.8693134403739,1.11094233693958
-0.08570507719606,1.05722587162104,-0.115240735942113,"birdsongs",3.45003098470332,2.03085687230368
0.146412947239674,1.0026364102304,0.911527050761396,"birdsongs",3.15985578670451,2.21471156632727
-0.0486333203786167,0.833389844543989,-0.679549507145691,"birdsongs",2.94436384124242,1.65992041476532
0.131453042381992,0.813661466619315,-0.0512017244164537,"birdsongs",3.29251038631129,0.0820917140812667
0.314716695354122,0.432413712961776,0.974284013411348,"birdsongs",3.70333628573048,3.03780499294239
0.39315091733978,0.898449302150659,0.583783050064766,"birdsongs",2.87146929282303,0.672518207488157
0.430536507866819,0.912983743738635,0.174926765065367,"birdsongs",3.02448271160956,3.00109139801589
0.141716286177655,1.06177811423339,-0.311932782539432,"birdsongs",2.76122193634688,1.44087755443711
0.253059495666568,1.1588410247586,0.409064664442463,"birdsongs",3.0193838614756,0.869756957755474
0.254940433701008,0.608542419332238,-0.315703447278924,"birdsongs",2.73192101499782,2.08036595800772
0.216568965627013,0.912177277614835,-0.118550373788732,"birdsongs",2.86415830753928,1.58139323822204
0.127412924716126,0.72320711672996,-0.230393469346354,"birdsongs",2.36806543956988,0.028298842065237
0.202073366834263,0.988842654811194,-0.673518854561714,"birdsongs",2.55392398031028,1.89098328155362
0.231092334940384,0.671692644875865,0.307456694310929,"birdsongs",4.04721512144371,1.5957361784929
0.0837785498308667,0.980386793143023,0.0867478666840768,"birdsongs",3.56212441223194,2.00434452540728
-0.156695910280229,0.98400119134589,-0.214962121119606,"birdsongs",2.1371689053506,2.09570091473948
0.218765376897387,0.90060749425278,-0.0621511400820275,"birdsongs",3.35789992007964,1.80366793482138
0.465825769246132,0.352845419623343,0.954199233145668,"birdsongs",2.78526998650153,0.892970680192842
0.0732755998868069,0.736804774953098,-0.555287207246383,"birdsongs",2.53729294699658,1.36810776563747
-0.378952677887033,0.776020513503437,-0.0997556873627182,"birdsongs",3.50585755249754,2.40430895988671
-0.119200995129774,0.944380994365404,-0.513834266193169,"birdsongs",1.72942931109645,1.03375874513924
0.0243223619180711,1.05408105893433,-0.395515663643621,"birdsongs",2.91802071116004,1.84931631503806
-0.283007641781653,0.623428300127779,1.13233764196346,"birdsongs",3.12109752546279,0.28251512569038
0.783295409493881,0.206155678210891,0.811739124052684,"birdsongs",2.66066483135575,-1.20799037646261
0.204624651943822,0.909614372022888,-0.736394403679756,"birdsongs",3.63900116246732,-0.799859766715496
0.294009951422948,0.743819512328133,-0.39374234876885,"birdsongs",3.29714261786352,0.0922169394202145
-0.0196631545860584,0.772922104825076,-0.0169075030060321,"birdsongs",3.18553240200727,0.113713111035479
-0.153400118681351,0.972310083504719,0.83098748655149,"birdsongs",3.25894849006341,-0.457666159910638
0.41689041960604,1.21207932381617,0.617779611324394,"birdsongs",3.1418774120434,0.902650302089554
0.345732144709198,0.52740404543546,0.603732032975209,"birdsongs",2.29901010827067,2.39586408182047
-0.0690449774261932,0.763218647704169,-0.150275483577116,"birdsongs",3.25684157911815,0.78181057167156
-0.0674910077503788,0.598052123097199,-0.0349517595810484,"birdsongs",2.76448869990359,0.477106176166016
0.265508268685527,0.706888637966897,-0.408663878795629,"birdsongs",3.44520764606324,0.202940959193076
0.469868686106929,0.897078548521018,0.120439399378817,"birdsongs",2.78962102328949,1.17781761202848
0.370728858529119,0.879408975239029,0.625342291145244,"birdsongs",3.66612795360399,2.84004049778618
-0.0706856253913916,1.14692376742475,0.286352128085152,"birdsongs",3.19116864810114,-0.223990762007533
0.154388160301076,0.494803590589159,0.958463577881092,"birdsongs",2.52858708521961,-0.526919893374257
-0.203087685745846,1.04778005098445,-0.246773149333601,"birdsongs",4.0424942451715,1.63115594847603
0.153092344173801,1.01580611137912,-0.383410093551203,"birdsongs",3.72811657372922,0.631567751579253
0.00873486907989793,0.584111367244408,0.967919349965246,"birdsongs",2.13800875731756,1.11505968577104
0.281147654471968,0.915662192596167,0.154097773927478,"birdsongs",3.54922887503532,1.53089501604014
0.162636446111915,0.75285415977117,-0.235122262498004,"birdsongs",3.91415309373806,2.71332877574692
-0.636404695775623,0.358354596126667,0.269383104847347,"birdsongs",2.31928440735593,1.62394338368032
-0.0865659973358481,0.859054632735776,-0.289136258927705,"birdsongs",3.29925855197372,1.62948971854108
-0.00903450086861291,0.636155433993163,-0.440874600052477,"birdsongs",2.98108072768805,0.911329059528008
-0.15426553206416,0.820420266780262,-0.643421804050155,"birdsongs",2.33653463294749,0.190169363395328
-0.0905151815306606,0.864358098788461,0.697880156693068,"birdsongs",2.61802179852044,3.21911953912542
0.531229018364491,1.06541335258813,-0.700259993196783,"birdsongs",2.49634398176387,3.2857342408056
-0.172727875287437,0.881398200085333,-0.954208433884897,"birdsongs",3.34736859757911,0.434159577401999
-0.174035843833321,0.883051903607782,-0.175384225036563,"birdsongs",3.74405290322192,1.74423286064192
-0.316833045808354,0.577058433250867,0.813669204187627,"birdsongs",2.80149053838175,2.01132608318702
0.116783991458499,0.992108931062627,0.161787606748157,"birdsongs",3.14325808573794,0.228808658563897
-0.30013681177884,0.777049156294049,0.865725522817569,"birdsongs",3.21800279278545,1.13696625083532
-0.00220738104821043,0.667629940246072,0.942499283232782,"birdsongs",2.43511337991216,1.7546451618721
0.169437250858232,0.938852558292687,0.467325891746171,"birdsongs",3.26855158805795,1.31898144520044
-0.0486652597064255,1.07407414618443,0.375903338107232,"birdsongs",3.02029619200762,0.666574211778397
0.566958083039395,0.568670127750549,0.737977748815684,"birdsongs",2.55092091769336,2.4904652010974
-0.206632196879019,0.87237574300392,-0.35574406080226,"birdsongs",2.68269062551585,0.711792598391725
-0.362124097103925,0.476265369336769,0.767863004917789,"birdsongs",3.34353588808731,1.74193200306837
-0.191104530542208,1.02256896495899,-0.191801979624417,"birdsongs",2.98917512569962,-2.17903416161023
-0.0801967084701066,0.968943798706099,0.414035626032448,"birdsongs",2.77091428268305,1.13466190031999
0.299136538175025,1.07236042320601,-0.0971967829364566,"birdsongs",2.38612061829213,-0.85668787951452
-0.2915954519476,0.994830305003365,0.536212896202907,"birdsongs",1.94391355021664,-0.603312417532795
0.676072376548825,1.08321087748291,-0.561846554707059,"birdsongs",2.92800515502168,-0.671017632965641
-0.35399558312022,0.989299426678199,0.863302046044033,"birdsongs",2.64210856386035,0.219075348929894
1.75809057763358,0.857039000662424,0.266045787861262,"birdsongs",3.41947542257962,1.51335033915304
-0.0965373622109559,1.12461773184479,-0.0117909169532952,"birdsongs",3.43947649892585,2.00057598005051
-0.00109350603461261,0.843740639928735,0.769738194437594,"birdsongs",2.49382017406784,1.66571832798612
-0.134438765628817,1.29328486517962,0.318709994574837,"birdsongs",2.30953540180463,1.79947039142188
-0.834905109207055,1.09938077981273,0.464150765359417,"birdsongs",3.75823307239205,-0.348936065271383
-0.135078950896414,0.773415873373774,0.855687618891448,"birdsongs",2.49006545984179,-1.27471592143636
0.186737065341265,1.06523048765768,0.340334019554697,"birdsongs",2.05349490692448,-1.58208356172022
0.128100360020671,1.05106871011961,0.60793484925572,"birdsongs",3.48531274480117,0.839982742986948
-0.196769512357642,0.620451323661419,0.281357895113696,"birdsongs",2.58582065331357,0.718602267905301
-0.0889152442503815,0.967393352116937,-0.57550543038678,"birdsongs",4.25842322046974,1.54919932107205
-0.667526609231968,1.04547167465663,0.835503544722624,"birdsongs",3.01934604514514,1.49968120814869
-0.0027713509054057,0.93278552726145,-0.129686961932306,"birdsongs",2.42291873717811,2.67117034730908
0.14799715366492,0.31001434536155,1.11561322082234,"birdsongs",2.72982142121041,1.37476982203475
0.127114462492085,1.104506490652,0.507242936659532,"birdsongs",2.39729683882187,1.23114654420066
-0.12731590814092,0.766888541206767,-0.753912486806266,"birdsongs",2.53123484557547,1.26804945743579
-0.152482489929468,0.716546336001632,0.998271122642453,"birdsongs",2.22551390785063,-0.227588564947165
0.119271143921951,0.814230562996508,0.0556660819315241,"birdsongs",3.79734176140234,0.285549219066301
0.0392129440705888,1.04099330461635,0.825496991882492,"birdsongs",3.17197551907231,0.499198182174275
-0.293657145333128,0.601131643317947,0.454214285484104,"birdsongs",2.90492289936459,2.22748387131526
0.060694624351857,0.974713288204656,-0.190230532041356,"birdsongs",2.67221472133284,0.570554996652368
-0.042857066973614,0.556393374715433,0.653255461125326,"birdsongs",2.43162656507015,2.54917409837665
0.454335143774411,1.09015571679507,0.377225832031579,"birdsongs",2.70661403444526,1.13776083212149
0.103301047444997,0.858135187698873,0.795716941791659,"birdsongs",3.0922487036511,-1.28491358636545
0.144975581054432,0.789016742644558,-0.903838278736825,"birdsongs",2.79082467625351,0.725908566520896
0.0183411386739801,0.745231206183478,0.580404172655847,"birdsongs",2.56844269848603,2.37133376309633
-0.588092520710031,0.703081546440442,0.820473805054951,"birdsongs",2.45284676667687,-0.228113289670806
-0.774680388048678,0.798478048257956,-0.0338867979495958,"birdsongs",2.86223910850433,0.199056848963298
-0.0560166267586845,0.771758253998659,0.901397644076642,"birdsongs",3.23266899629633,0.924053800839004
3.06262879619845,0.754743558967778,0.855956534876065,"birdsongs",2.62371877049558,0.950385009396857
0.226153248455372,0.562846175354981,0.6659418672214,"birdsongs",2.7572957258149,0.287359719375477
0.00597089404936126,0.783650585201142,-0.600326347634327,"birdsongs",2.55372897705233,-0.0621152927226225
-0.111457719920243,0.830098069807133,0.526095743886101,"birdsongs",3.46572922657755,1.0889403344208
-0.385594323175883,0.517930213952053,0.888049816633023,"birdsongs",3.68891339996899,1.28912311865145
-0.324853203082402,0.635164439230189,-1.02930837172945,"birdsongs",3.22556789412494,1.3391730901397
-0.11442823116467,0.714157330365504,-0.511108941848495,"birdsongs",3.18525129245599,-0.155977691893991
-0.42038113807707,0.843290398202618,-0.394609366240027,"birdsongs",2.94112208740933,1.9050682551049
-0.206592416965669,0.496426712037918,0.250685656566699,"birdsongs",2.0151747360266,1.85318411881251
0.197872001164744,0.789173844961354,-0.758871940980852,"birdsongs",3.67157988241342,-0.403297816536893
-0.0878997713085028,0.476860850692838,0.66101201011587,"birdsongs",2.50442243481635,-0.396062984168906
0.400207669634454,0.950316490652946,-0.746442971897031,"birdsongs",2.56243291274511,1.6215147379781
-0.536123864871835,0.930228910164557,-0.211232945807739,"birdsongs",4.0095982039686,1.01673664369829
0.0491575177120098,1.06406611327843,-0.686795613469807,"birdsongs",2.04769235384577,0.128811526679758
-0.00690620856483038,1.10753989260078,-0.322056791384357,"birdsongs",3.50879510052153,1.58719363309369
-2.06020844300432,0.773628265652925,0.978131563109019,"birdsongs",2.59067102148686,1.10695246515746
0.00612133824204968,0.964996842178587,0.539202830207289,"birdsongs",3.21829131586909,-0.869244737510787
0.185552149789869,0.870721055619019,-0.431211192843595,"birdsongs",2.98923441012086,2.09337420140564
-0.0559110499257658,0.66868003086302,0.99301346516812,"birdsongs",2.11956700052492,0.546207751183981
-0.178423605444144,0.82286217601091,0.940605624585819,"birdsongs",2.23199248961584,1.12612246946247
-0.114514948745451,1.17291446556989,-0.220845716597636,"birdsongs",3.37528128722309,0.552371800327662
-0.0143396359062741,0.224005127508474,0.840936642389486,"birdsongs",2.68511197397728,1.38573962109478
0.092153446126079,0.9156073220097,0.0177962670311004,"birdsongs",2.1542395823085,0.94895213445477
0.415996400464162,0.390654273865493,1.40719026837901,"birdsongs",2.93131627258322,1.68902667230009
-0.0458044124153957,0.973393653522915,0.396922553563071,"birdsongs",3.34957567988757,0.252636160339539
0.867996906623147,0.513553082231196,0.646281231437959,"birdsongs",2.03088441918965,-0.926527537552105
-0.119910307640387,0.612165639314657,-0.280551400668289,"birdsongs",4.01725916982972,1.63296959815929
-0.275671699888506,0.990194414341495,-0.805881233064112,"birdsongs",2.46301222846476,3.47140790087031
0.0434242549565184,1.11314358184923,0.934883586251113,"birdsongs",2.97466851882171,0.360953905564278
-0.148469465807025,0.81620005545857,-0.465486419493266,"birdsongs",2.79544493931094,0.748694100696332
-0.125737947056741,0.891556223480057,-0.690785771877442,"birdsongs",2.64616734106435,2.09182269681766
0.0981117908797024,1.20530089584433,-0.95228710138233,"birdsongs",2.8510111640088,0.64432689385362
0.639467423622269,0.543385837833584,-0.246202839899678,"birdsongs",2.45932986960775,0.968429892929171
-0.389876822957287,1.25273431896626,-0.0861079466944005,"birdsongs",2.96428789192307,1.71551722564806
-0.11068037352288,0.933709293271443,-0.200216732037238,"birdsongs",3.58198625554349,0.757502550254525
0.101458121372724,1.24608340825325,0.067099682503349,"birdsongs",2.72357924768113,1.70178800805301
-0.170765209522159,0.649738057139309,0.205658759540232,"birdsongs",3.01030672048464,1.09399305570053
0.0466973110178225,0.617659609683853,-0.165280333930549,"birdsongs",2.93371385584115,1.32045919100515
-0.141810127598428,0.777688098102248,-0.853830644144624,"birdsongs",2.28034137530982,2.84531245082989
-0.0604030431130496,1.3256422157123,0.966468798993628,"birdsongs",2.37617911000705,-0.104225723872396
0.107719006086945,1.25032813214897,0.500874606408749,"birdsongs",3.24595986679023,-0.769528651892067
0.158193498453421,0.857792878371682,0.850428187637664,"birdsongs",2.77439520115068,0.633641200389869
-0.462359301612176,1.45642283863402,0.525122503611193,"birdsongs",3.6720334975916,0.862498450031961
-0.51430543348925,0.945469463149181,-0.676371330287746,"birdsongs",3.82455070956973,0.535855390924324
-0.171476933971223,0.874693238362509,0.564444531598363,"birdsongs",3.1062985866147,1.77422425708104
0.43177477085304,1.0730542672889,0.268586858112931,"birdsongs",2.60746604077281,1.29647852089877
0.359277562473895,0.657940480206275,1.06148877441972,"birdsongs",3.35703815425191,1.00204711459549
-0.17503889958072,0.748020901325244,0.947259466771869,"birdsongs",3.00563524251431,-0.210140074134868
0.320506813347731,0.688304963404471,-0.610642957128218,"birdsongs",2.83206474698267,0.726559061712601
-0.321223105155229,0.863358103857523,0.572559300313848,"birdsongs",3.51350691886733,1.45377859723513
0.19578849266512,1.22123362033238,-0.90375732574326,"birdsongs",2.68227707478415,2.02298519780571
-0.387442470828225,0.800878747647291,0.253621157149813,"birdsongs",2.78232443826902,1.77817704614911
-0.384801246721451,0.564887094179399,0.150348142641632,"birdsongs",2.96521519068241,1.1126777030397
-0.28501491736246,0.914168407429009,0.41805141691348,"birdsongs",3.70245479327323,1.83107342807258
-0.258930059342856,0.845083291088008,1.10330418251709,"birdsongs",3.59946871985106,2.80322109341297
-0.0683513873268888,0.755724730693398,-0.688356923642,"birdsongs",3.4819620952677,0.508120491228191
0.169766611988238,0.945550383798474,-0.825070229454371,"birdsongs",3.4424870251705,1.34939431063677
-0.159041243326402,0.725906356582275,0.411885480296648,"birdsongs",3.85233305768232,-0.603680799762516
-0.0487947668555347,1.08598208875325,1.05969726013299,"birdsongs",3.57336749736024,-0.332978302165498
0.0422739897956672,0.600738454341749,0.0804472743209348,"birdsongs",2.50169077902681,0.158558572874335
-0.166629289098785,0.612314743544087,-0.375797496932639,"birdsongs",2.51590345508511,3.91773961480476
-0.159031360146648,1.05339103080189,0.412742587870148,"birdsongs",1.82842931698373,1.12085866222832
-0.0287899947112106,0.687137734823945,-0.205447354662008,"birdsongs",2.50524846520939,0.885816541708546
0.773109083910434,0.898565708718725,1.21162977845114,"birdsongs",2.4373352148386,0.491133831139602
-0.486334659631551,1.2239192532521,-0.0082384928235453,"birdsongs",2.90606516324768,1.69005269465394
-0.293214784453244,1.05753959502558,-0.329742303137487,"birdsongs",3.19605848521701,2.51802444980825
-0.176567437890955,0.494879258898995,-0.855581365793973,"birdsongs",2.26738942095053,1.66158178128034
-0.418189782520563,0.97052528877036,0.76412283006145,"birdsongs",3.14902962590314,-0.742365325301878
0.151114161353606,0.873941647641651,-0.251409219355646,"birdsongs",3.40406753305676,0.53982696909585
-0.134439095613131,0.625043157552399,1.1598188860005,"birdsongs",3.26168542524453,0.7058480502811
3.31276751744188,0.54778652263415,0.20949885288811,"birdsongs",2.8850815309934,1.1154901509145
-0.00779521830055457,0.819121539410067,0.903640629236293,"birdsongs",2.66396081193404,0.153925863772989
-0.0511999216300921,0.497959950161265,0.425517615389974,"birdsongs",2.65663178678416,0.282100049455222
-0.151287246223496,0.878093788586272,-0.791329324453843,"birdsongs",3.2222272965079,0.375146190636797
-0.142959879041373,0.714848006835642,-0.30378714360515,"birdsongs",2.58284823203133,1.52112396915377
-0.300982941936655,0.793432064038663,0.723201407480132,"birdsongs",3.1656195875621,0.959726248447037
0.303416366226436,0.770645229911165,0.48401644456732,"birdsongs",3.29545086806353,0.287101863827259
0.428194939669234,1.27175682448312,-0.030099948536261,"birdsongs",3.47088227541551,2.80777845506995
-0.392382227787076,0.862321581227308,1.11837582436207,"birdsongs",3.18920391955966,0.703455257413458
-0.0663591265939253,0.605597698077942,-0.141367090275421,"birdsongs",2.62449808192478,0.165425722929098
0.144092413638561,0.987111436082441,0.417073349370337,"birdsongs",3.26087580167951,1.40553760817103
0.258619334072137,0.957451264437782,-0.989274242336114,"birdsongs",2.69060888204753,1.94924591534007
-0.0877922751239356,0.522303574193702,0.704316563412936,"birdsongs",2.22767135840354,2.93735219286188
-0.177611399346268,0.681103961441242,0.66708126855424,"birdsongs",1.78061675240115,-0.49068489163168
-0.0811532471605327,0.884904952470306,-0.734765354096692,"birdsongs",2.14510880008349,1.2500130359964
-0.19869553258002,1.06030529501203,-0.115593028621405,"birdsongs",3.78773207229147,2.24532122073992
1.06523502436123,0.738359005537268,0.517826557947303,"birdsongs",2.89189457234464,0.420249526565028
0.0652293516552462,0.675064404430329,0.0383961683236667,"birdsongs",2.9424449074061,0.76592056471646
-0.0496572428177149,0.719049850789118,-0.489129754819909,"birdsongs",2.77194386390158,-0.752880346648639
0.102372156315158,0.760357728014519,0.571273452991892,"birdsongs",2.26412588520641,2.1789961337382
0.312997130614392,0.833456210209551,0.81957350749692,"birdsongs",2.13372823570907,0.376239757150278
-0.358032160813017,0.922413518394561,0.644137885243835,"birdsongs",3.32145847712801,2.19960494142235
0.0478969166767449,1.09606125342879,0.124098239519078,"birdsongs",4.04086495922813,-0.634759616368896
-0.272689648067809,0.759698472432495,-0.246718948407872,"birdsongs",3.11060032275103,0.0261239073142476
-0.842821427913012,0.597801454222421,0.870349425268264,"birdsongs",3.86667203909445,0.875006874727701
-0.266710045578218,0.51791278828868,0.622999861257368,"birdsongs",4.07427759187266,0.679068203140861
0.158956971829901,0.838570505117395,-0.499957008449171,"birdsongs",3.34748776916413,1.74879706852137
-0.102141273480431,1.10642117023709,-0.2069696563251,"birdsongs",3.26935980180154,1.56697993201814
0.729946078562829,0.46809153055562,0.913988074540384,"birdsongs",2.89337153706735,1.04061245779837
-2.02483636877306,0.656037823038162,0.447400707339192,"birdsongs",3.32587916722685,1.36613630793347
0.0858451612965643,1.00620643801654,0.372226858922138,"birdsongs",1.63906013329873,2.04772299418397
-0.0710941505614656,0.971691812992859,0.109840759265982,"birdsongs",3.60106668223069,1.13925752628655
-0.0890318363536179,0.74620512130556,0.365247701313318,"birdsongs",2.95580021033916,-0.140298487344189
-0.123295664541279,0.572775599230616,-0.123736194384437,"birdsongs",3.08294356277964,1.48936438986846
0.665586822405158,1.00838635662439,0.50933916993894,"birdsongs",3.0488544188318,2.8434662793434
-0.0773323803874484,0.891139363454972,0.624479366825414,"birdsongs",2.91337489108866,1.13090278850541
-0.0949174157705859,0.861455129780227,0.190884383346197,"birdsongs",3.5558094153477,0.791780252415684
-0.0905923587235946,0.696106909859336,0.927161415572017,"birdsongs",2.87402119945682,0.133929387977641
-3.13117649827707,0.897884839401381,0.348748935917165,"birdsongs",3.86678617691263,0.702043650523468
0.0485987005508262,0.643780597746439,1.05900407314866,"birdsongs",2.83358301967735,-1.29265446786907
0.191706301935013,0.872299811792334,-0.171580190250486,"birdsongs",2.57412592269039,3.05467875647648
-0.0243663387570684,0.769892138234644,1.2717359873153,"birdsongs",3.15672644280727,0.0139256550197074
-0.754974580574794,0.620776385061794,0.54394044192325,"birdsongs",1.64964575482435,0.0743850832758653
-1.09994249042345,0.551169700791646,0.675563106740595,"birdsongs",3.16010710321606,0.615292825460647
-0.0299084731046329,0.898421101860532,0.458193685171064,"birdsongs",3.61051539954406,2.24369923398904
-0.518784218477644,0.924703645926739,0.925769784495247,"birdsongs",2.37747214200643,2.13596277596126
-0.0191332607539091,0.997168947904216,0.744460390835075,"birdsongs",2.586799958952,1.50672053244676
0.239832071530633,0.832703718012302,-0.172221068442733,"birdsongs",2.63619171982546,0.513629789401488
-1.09871113308403,0.877047829487859,0.677093104403365,"birdsongs",2.28743454776273,1.2417738634281
0.0920582381917131,1.12161792252365,-0.147430613844505,"birdsongs",2.2124265586541,0.540660767270644
-0.143309333011771,1.14939996043312,0.608665752126804,"birdsongs",3.03453432752372,1.21931714984292
0.0940778920634218,1.05163906137339,-0.346986338374074,"birdsongs",3.32894555053386,1.34269886208416
0.2083030785528,0.548283073797528,0.903162493598991,"birdsongs",2.86130254474774,2.52665793094186
-0.0916396232036279,0.947543132526015,-0.315963068754501,"birdsongs",2.68909753336059,0.368352654250297
-0.0363414812846401,0.635456079566547,-0.141784750978154,"birdsongs",3.32655159443448,3.03214784784212
-0.33448562837828,0.66229738750512,0.480735410691314,"birdsongs",3.64910712702134,-1.42645810346513
-0.0417100929772761,1.38640047895857,0.218993062380501,"birdsongs",3.16875209278478,-0.518434731188543
-0.329243475001137,0.708755436560984,0.450874963547716,"birdsongs",3.18653503302969,0.616412884857386
-0.24797318652109,0.743253452278348,0.658069115290431,"birdsongs",3.20623498848267,1.32817124573347
0.19706917971488,1.03046347973678,0.205724908522011,"birdsongs",2.78079958424268,1.38265426156429
0.202980328952627,0.829491598203008,-0.98354649874479,"birdsongs",2.29480116615161,0.0675292405463335
-0.250138840036271,1.01985821423813,-0.581562387575133,"birdsongs",3.59775817099713,2.42030544198771
0.0190868958102678,0.45059235339907,-0.55590348969446,"birdsongs",3.14757250447456,0.806337815658692
0.244869787547996,0.7739065404111,-0.459308097052747,"birdsongs",3.69525965850839,0.429656389778727
-0.114318672211374,0.763548992758662,1.22984586123219,"birdsongs",3.46748215884607,2.22009136148808
-0.71949828084651,0.880353384572523,0.436801810961558,"birdsongs",2.8625598554265,1.2876007998568
-3.70250484624467,0.955231703374016,-0.0755179015740462,"birdsongs",2.35713161515944,2.07922375398462
-0.0662356643670283,0.562896404482767,-1.07544378158566,"birdsongs",3.12526879523681,2.78624831221411
-0.53629989157156,1.00229108543512,1.02119732454019,"birdsongs",3.07952521248709,1.48872306498525
3.03482212432937,1.05014433263095,0.754468077926203,"birdsongs",3.81406993307174,-0.0641668115502951
0.0731809906881622,1.27990067484826,0.290040449291016,"birdsongs",3.52269813734393,1.41834024170889
-0.243672209257524,0.496281811534446,-0.36110243020537,"birdsongs",2.93787342374657,0.41312009967371
-0.284822432186762,0.795349282695772,-0.337495469441455,"birdsongs",3.99339141361931,1.5879179922872
-0.456862145939011,1.20388545657555,0.00169445556519821,"birdsongs",2.95484407693895,-0.0114353778503877
0.121074811698436,0.892894373346086,0.376302368663661,"birdsongs",3.45931485796259,-0.180139218085376
-2.95458323501923,1.20327963370206,0.837990510143055,"birdsongs",3.32705229998137,-1.50920486369045
-0.192905163812213,0.845472276948202,-0.550312459085439,"birdsongs",3.59969665982174,2.03957106030652
0.196384623144015,0.616750669868762,0.613385524575863,"birdsongs",3.20886808376995,0.821085155932332
0.320735419123338,0.543459020682115,1.08600720510555,"birdsongs",2.58592221839526,1.72384497671007
0.0943237149955127,0.958652045750359,0.506935226586215,"birdsongs",2.81783346182829,0.0992441362386218
-0.0606677431879452,0.56208335728485,1.17286860104954,"birdsongs",3.05716207744897,0.871764359018714
0.285211850710519,0.55277670404904,-0.117308319197859,"birdsongs",2.61317408184324,1.99207704658046
0.179197120005387,0.879460598669401,-0.840425122833016,"birdsongs",3.90803246632354,0.235572053984753
-0.0308517697692874,0.977445565285122,-0.424638804091333,"birdsongs",2.66355756902685,0.195042891094979
0.166935399396949,0.4893167872492,0.504623644890228,"birdsongs",3.2777263605626,0.0518265072644094
-0.183379821475643,0.580326759508847,0.417569452369458,"birdsongs",3.12118274684464,3.24106740949231
-0.105247889809363,0.512102775842191,0.726090092056343,"birdsongs",3.27778871321991,2.77036095771394
-0.541337141763925,0.732012409565306,-0.453122383732216,"birdsongs",3.26787907774598,2.62500422246338
-0.0297829526463651,0.839677307005717,-0.208890972961901,"birdsongs",2.92984945040552,0.939067912910003
0.092414256542658,0.794889432039028,-0.971945246634185,"birdsongs",2.81855293188887,0.754869400374846
-0.061378082134172,1.15577357294564,-0.738481524576852,"birdsongs",2.71631371950338,0.00806287252951743
-0.201039973780621,1.12581109880674,0.607917166545464,"birdsongs",3.70811692400687,0.285123729170972
-0.442732898585113,0.729601920159207,0.483261759437947,"birdsongs",2.97759960779765,0.143657191009765
0.165078307092707,0.88015700529904,0.225772706786931,"birdsongs",3.18625547793649,0.0939282922693374
0.23809755649077,1.0128897759575,-0.355985153172415,"birdsongs",3.22777164685211,0.8449575795795
-0.0610462527739028,1.00424235108562,0.6533390909579,"birdsongs",2.82501850530656,1.05787852970075
0.696837950572712,1.04731225564338,0.806159966362858,"birdsongs",3.86776343360553,2.03174571328499
0.0475126614893851,0.951479393784366,-0.710534757433124,"birdsongs",3.10702185000712,0.633052503954021
-0.282247813756927,1.18164228421309,-0.595852474833542,"birdsongs",3.79960442084598,0.844016738318523
-0.0451221430146975,1.1420160629757,0.535040698372791,"birdsongs",3.59096936254819,0.981936614222234
0.315764822140504,0.709004378183925,0.463710927441304,"birdsongs",2.41794399820395,0.818650038842935
0.155670876089796,0.699979032457476,0.480417601403575,"birdsongs",2.81314295620839,1.02142399565864
0.410377845323849,1.04091906038247,-0.678131676921947,"birdsongs",2.858033565513,0.137508246874093
0.0560615738870522,0.943061022793199,0.501280352244615,"birdsongs",3.70063020228053,-0.0856074697046538
-0.124480610188085,0.790131669156342,-0.535047583751057,"birdsongs",3.52805798321001,0.563804628014343
-0.0540581459449886,0.562925346864871,-0.985162143735079,"birdsongs",3.33798604341506,1.34596562984296
0.128323252370818,1.02331625017861,0.99554540459099,"birdsongs",2.60090469436678,2.0125546422508
0.225132365762127,0.423352759504548,0.695432227149207,"birdsongs",2.67086174233805,1.56758545513117
-0.0577398326850548,0.823423832771927,0.566389691337615,"birdsongs",3.31518307366819,0.671367110673827
-0.106838134475293,0.549235741190586,0.826662773422413,"birdsongs",2.26208418685989,1.17300587869219
-0.0114776473664331,0.936267390861234,-0.539451291275184,"birdsongs",3.35302009591136,0.591393133558384
-4.57018909788931,0.640466387513825,0.75844206526706,"birdsongs",2.92696334622615,1.81996230269473
-0.33188564657093,0.456293439880292,-0.422720327149368,"birdsongs",3.56412943876325,0.0318312216484626
0.103157576694332,0.857425558854612,-0.199364622023417,"birdsongs",2.7231890302461,-0.595655714797315
-0.107739907519568,0.682781274089883,0.118724505194718,"birdsongs",1.93542024354275,0.0484961368352205
-0.0746824959578069,0.803075928237741,0.199525812322218,"birdsongs",2.98337467480627,1.25029908384818
-0.291896905579855,0.789722484990065,0.0923437215624064,"birdsongs",3.84659646494698,0.635088621424353
-0.0650888830996936,1.47508056647033,-0.863975656706477,"birdsongs",2.33288625042322,-0.610539173210643
0.0660551221159044,0.908219828102751,-0.113657033257524,"birdsongs",3.64130934726927,1.58019438927634
-0.0390725586797883,0.777531748531259,-0.329152131807305,"birdsongs",3.17053250873038,0.894966451700171
-0.000151731544622682,0.778857746171409,0.433545917544418,"birdsongs",3.00170791238054,1.21208814456935
-0.318728255525471,0.475518737311335,1.20035790728606,"birdsongs",2.63094845262695,-0.103031138352551
0.331738869661578,0.671834115875813,0.727344483082284,"birdsongs",2.69120711637114,1.23330549391818
-0.229555980758027,0.910111509174602,0.776639769238309,"birdsongs",2.95374416560169,1.63639392297579
0.93840587565581,0.679899003169774,0.738505261324903,"birdsongs",3.600271887352,0.884970681493286
-0.021515838900646,0.469525447269435,-0.472182127099675,"birdsongs",2.67993152363158,0.43940044344777
0.169627648624435,0.651454500032549,0.460438696672269,"birdsongs",2.53612447224406,2.54328508407855
-0.27678566609284,0.535551117157253,0.65054062590791,"birdsongs",3.24972836472501,1.50190724277624
0.0819001223324267,1.23185257952504,-0.605314590849315,"birdsongs",2.5590737499876,1.33656735258001
-0.217445934566778,0.578286304750244,0.966300247978499,"birdsongs",3.89067068957244,1.1943023640772
0.126837331883828,1.02912312699768,0.606711642745694,"birdsongs",2.90462999946097,0.112066379046324
-0.307557358073851,0.707003176758816,0.933322445545585,"birdsongs",3.2924070920432,1.62128705709305
0.0191619367201523,0.8333854355355,0.974009833083859,"birdsongs",2.77885189354164,-0.103815335297583
-0.0607812725524872,0.976780420480273,-0.994947872858142,"birdsongs",3.48423286097849,1.2100474677956
0.232599762841802,1.32069804355542,0.789262873320525,"birdsongs",2.99916870258157,1.7948149865022
0.440251833731536,0.883912484963609,-0.145589697084963,"birdsongs",2.08722626568798,-0.383140351022112
0.0802081568576672,0.504195508486082,0.952776476135211,"birdsongs",2.57102703832152,1.92898066149766
-0.409422256193229,0.861886711710084,0.65461550490827,"birdsongs",3.06519130444149,1.30153417890338
0.151247583253156,0.573343881211594,0.894929534785194,"birdsongs",2.91683834039563,-0.761180611995299
0.317976399818365,0.535685266075586,0.725523536336884,"birdsongs",3.22946891390087,1.75637723834638
-1.03180222499141,1.06201149755337,-0.400317711315151,"birdsongs",4.20613541553999,0.842377384593548
-0.966076622327159,0.724243790442506,0.514878491409487,"birdsongs",2.61305098699261,1.49843848091948
0.0761813449885967,0.74325939496255,0.317728689476932,"birdsongs",2.68686996298355,-0.0651512723947107
0.154314244950738,0.757638621100694,0.673206744884027,"birdsongs",3.87050725394426,1.6053495257917
0.706629119183063,0.639334700439521,1.27692184270113,"birdsongs",2.97430121370141,-0.169493071597025
-0.295707280223806,0.558593503433549,-0.502087538588246,"birdsongs",3.48254305421154,-0.112426341086153
0.37069734547776,0.905842394023289,0.744000377373811,"birdsongs",2.24589317944551,1.92157225349203
0.0443053807818031,1.27029732336636,-0.247565378267249,"birdsongs",2.02389131906919,1.51316924368984
0.00886123135446251,1.18817996332301,-0.790297036616532,"birdsongs",2.63073439264422,1.1865627244903
-0.203109381333594,0.43628429676446,1.08917402172556,"birdsongs",1.96943109589995,1.09150449360757
-0.10171595123568,1.31796372302112,-0.208681756432537,"birdsongs",3.23439746124395,3.16819496825836
0.300787670164036,1.11364851738431,0.330418901155055,"birdsongs",2.90092931283829,1.55244373333322
0.814390534364842,0.864290040625494,-0.49383777649416,"birdsongs",2.54801281770495,1.60681872277092
0.0402869672948235,0.681667365791025,-0.25624034072232,"birdsongs",2.88533732473478,1.66466724575071
-0.102256635811249,0.890727665134413,-0.337012745983671,"birdsongs",2.6629225554703,0.7847213402236
6.43620045347887,0.853009112156266,0.818397086609607,"birdsongs",2.69364654285638,0.889941375403394
-0.00891806946398541,0.936789051733171,-0.644692327681921,"birdsongs",3.88917354800498,1.36855783555304
0.0781787904090554,0.403786149572334,-0.854354623206786,"birdsongs",3.4433919248898,1.4518923945546
0.278877830062637,0.791212410191313,0.0671900296875293,"birdsongs",3.62905304114029,1.71410517630136
0.0817254520722437,0.852402544843203,0.258810776917747,"birdsongs",2.96175352024972,2.29489539711192
-2.02493542759655,0.39175845600426,0.578359902016774,"birdsongs",3.1034760614274,3.71487124300229
0.662615306390152,0.812471850490072,0.890863379884828,"birdsongs",3.10997874331467,1.48583997160766
0.208554396792427,0.917006682869998,0.785735343651589,"birdsongs",2.99133561916314,1.86855042690198
-0.611093529641345,0.672664205532785,-0.0465216584153547,"birdsongs",3.50089644436811,0.538469577447223
-0.131432679226711,1.12591129693662,-0.0384450829921782,"birdsongs",3.52513959227967,0.741749400424774
0.0976011963673697,0.537422160228634,-0.4264367410793,"birdsongs",3.1724233554959,1.16715806982719
-2.871170132416,0.807314421490831,1.01591383320109,"birdsongs",3.22728893273664,1.26930037100994
0.359143989194213,0.770994719711828,0.748013630344099,"birdsongs",2.20444549723599,0.912367334841426
0.118058269766798,0.620950337880947,-0.370656425064264,"birdsongs",3.17688002970751,0.488292244000882
1.01904224199097,0.766771215410251,0.661067282975539,"birdsongs",3.97221526995414,1.53678500747312
-0.727693718366355,0.717123527265329,0.598724370548558,"birdsongs",3.17393027591091,0.885602430308628
-0.242456993394858,1.23314078439756,-0.571674800888902,"birdsongs",2.35978475756894,0.422720202740528
0.0525715415700967,0.748254731263301,0.98665705711693,"birdsongs",3.1198999620099,2.4751561246358
-0.691091909193546,0.688127743908854,0.0438080160492016,"birdsongs",2.91309121716064,0.294131130273453
0.100424140398251,0.84206800149488,0.198518935141654,"birdsongs",4.31712005613809,0.860588240225617
0.0499924962502202,0.276262848614308,0.929163091377077,"birdsongs",3.59150922385731,-0.338947232777578
0.541018679059631,0.983381916432833,0.39160187782012,"birdsongs",2.85698615512873,2.24726647129969
0.0739239616771579,1.125861331167,-0.199449277673161,"birdsongs",3.78218137696962,1.70776463967705
-0.651498019579964,0.808911839683773,0.838003274960338,"birdsongs",3.10795170622198,2.89755904588706
0.376430355343315,1.02845405371541,-0.553475913230376,"birdsongs",2.44146976726484,1.31633100157639
1.04524413637733,0.700645587697951,0.97174055401662,"birdsongs",2.57664295549896,2.13830190845277
0.113833196907029,0.953591001077357,-0.278989936752572,"birdsongs",3.20175028618849,1.31394123254618
0.396696853505284,1.09040191595454,0.852697778664009,"birdsongs",2.95346864420641,1.96088135879039
0.277588816288581,0.700552166982835,0.227144648641734,"birdsongs",3.39425339165644,2.61907133076058
-0.313181173762,0.623347049663262,0.685045081722613,"birdsongs",2.05393762701387,1.17273442083169
0.520629607861629,0.773670603234911,0.433995591747912,"birdsongs",2.61243229565696,4.11926036674482
0.0287479153525463,0.739969299869233,0.959561639330603,"birdsongs",3.2012869555819,1.40548963812019
-8.54897712163964,0.455183323791322,0.458594571165341,"birdsongs",2.71530429583112,2.5373881397479
-0.831307306460439,0.890687186872123,1.20695862788242,"birdsongs",3.19310788116143,-0.300713504629217
0.060934551392554,0.910633156968403,-0.294092959699605,"birdsongs",3.17250506578316,0.610883528520974
0.0190532886548205,0.844204060494277,-0.733612260677277,"birdsongs",3.14787625706296,0.125447669782611
-0.0966613445784146,1.04002227547333,0.155840358584035,"birdsongs",2.09139469362389,2.16693601063711
0.205126214619934,0.95127629518072,0.568589256538217,"birdsongs",2.83495937387085,0.993689921420407
-0.383522174509605,0.845192910133781,-0.552250264410486,"birdsongs",3.33179595961838,1.59279644995417
-0.104719068100595,0.909749138899255,0.878175330493527,"birdsongs",1.9446290245314,2.07678918489421
0.5248930722497,1.26390037605271,1.05171516889006,"birdsongs",2.41880400341849,1.20351591320962
-0.0246866688180177,1.10829162675465,-0.471499516772498,"birdsongs",3.0245439253586,1.0297559394177
0.0329722184027132,1.00662717839517,0.710736546350727,"birdsongs",2.34204157614115,-0.319931290654806
-0.0314444650421584,0.818011009219253,-0.92735605456061,"birdsongs",3.47713322312111,-0.819426072105869
0.27857758889847,0.908744458477334,0.977681902120162,"birdsongs",3.73736754069632,-0.912160610141115
0.395736528583702,1.25353323542363,-0.383217944281863,"birdsongs",3.01508258759351,1.90232764684913
0.26999599543958,1.08022845673032,-0.317645217215288,"birdsongs",2.61522426983257,-0.563335029544525
0.143634912250183,0.671882590024452,-0.0737232200600693,"birdsongs",3.6936661518352,1.20336875309124
0.419316937654932,0.907487252634223,-1.29443325482757,"birdsongs",3.08895866418191,1.92654470924955
-0.240145883742255,0.90058412085657,0.0371927124052329,"birdsongs",2.85731454253971,-0.234287509746047
-0.0878873790934099,0.215458878587227,-0.87565947994828,"birdsongs",3.20716720645224,1.70121003526891
-0.992446568469558,0.710241966542647,0.813355377765701,"birdsongs",2.0182337749721,-0.594359460062792
-0.149937940160782,1.2482720490568,0.14929744081861,"birdsongs",3.12495615211727,-0.361498676934524
0.217246019982162,0.956729419259079,-0.250221873324133,"birdsongs",2.95763905727792,2.30826233814329
0.166790195313052,0.984736229871565,-0.264855112996323,"birdsongs",2.94121466150024,0.918278226438354
-0.29967901516206,1.14851210472933,0.0289282524171614,"birdsongs",3.05586036846307,1.18751843331944
0.194974402133899,0.429319966356301,0.729830498667794,"birdsongs",2.11883038542897,1.09383138914018
0.297622761348488,0.5977663881205,-0.908846933721817,"birdsongs",3.68692676027356,1.32581422404957
0.016240740763296,1.21283051824881,0.191216258324,"birdsongs",3.38545845954966,0.486037562361129
-0.100162445132187,1.24514379615595,-0.251344597355198,"birdsongs",3.83723680703314,0.347994742654924
-0.225168228241185,0.769803074252437,-0.589828520946798,"birdsongs",3.64035303462081,1.78592720926343
-0.0810254094538475,0.8533599183652,0.172475375516521,"birdsongs",2.28397131131284,0.542975164077182
-0.212896998320368,0.451909047040818,-0.549758394428155,"birdsongs",3.21082518942846,0.281989154602628
0.175859647292051,0.988826500303749,1.12249483775191,"birdsongs",2.47062843118555,0.348682848630979
0.181053567749106,0.91596000667202,0.653241151593729,"birdsongs",2.44613459552232,-0.476859444668006
0.158415719667491,0.940572622043979,0.81962881355513,"birdsongs",3.01237446263395,0.932512797414581
-0.0161680430473458,0.952102380413326,0.565363524013371,"birdsongs",2.9579206410925,-0.181407660558873
-0.303958134096014,0.846446312342703,0.193908547024939,"birdsongs",2.34542001235912,0.99772055848575
-0.342956024527704,1.00477223578855,-0.207198092196699,"birdsongs",2.54692977481592,1.16760410640641
-0.138105612478681,0.512375456720572,0.682236649753372,"birdsongs",3.64616790336889,0.503058555886795
-0.34668717573409,0.939658582360375,-1.10453298706637,"birdsongs",3.12697502767353,1.62573618238068
-0.356956554281426,0.42980424682107,0.952743917107026,"birdsongs",2.59699577148227,0.438211919828577
-0.366291049399548,0.620504591860286,0.738666277769817,"birdsongs",3.3727802905273,-0.275008342906428
1.94163625852646,0.931750896733223,0.749380392718629,"birdsongs",3.18973126358057,2.55066560161255
0.0502649669931614,0.881668996599098,0.600386257644389,"birdsongs",3.19116442734631,0.472582837710258
0.1115838432744,0.58837642634749,0.247827459873153,"birdsongs",3.21237595249241,1.81656914054466
-0.647234814393262,0.971578191099412,0.332540424693634,"birdsongs",2.88306403482228,1.89432161356256
0.144221665485289,0.967849881578936,0.729865941456267,"birdsongs",3.17346691133838,-0.0217597669194745
0.0489756585274983,1.26047326463603,0.133345152466901,"birdsongs",2.47702845978125,1.18802881710761
0.0722920328760132,0.461792681444264,0.231517395867679,"birdsongs",3.07099839736571,1.71077195049488
0.132302427402734,1.00719221732474,-0.0385621544662244,"birdsongs",3.04932247875118,1.71328176709814
0.0644182661957747,1.12741531006165,-0.301244395475034,"birdsongs",3.19821814497978,0.992057291071837
0.395720735004806,1.43259252064006,-0.272822529895559,"birdsongs",3.5063330631407,1.99338940220407
0.248412486550102,0.935590700148365,0.529424342779752,"birdsongs",3.50784908498552,0.0207288127086395
-0.0309032287262794,1.03925376598324,0.678710172728421,"birdsongs",2.04429270301117,0.484746190714149
-0.000531031501870879,0.612202233712947,0.860436437609197,"birdsongs",3.33540664665024,1.98739055359505
-0.0670524104519776,0.860038435954274,0.583214437505376,"birdsongs",3.4720072528876,-0.802929440678596
0.221024794513792,1.06969912573445,-0.136238084484191,"birdsongs",2.99947171174981,2.2464532965532
0.559231020553791,0.751974253986732,-0.0714221760967561,"birdsongs",2.56028586822207,1.25183483489963
-0.0285638099712182,1.15127611500388,-0.530771528212105,"birdsongs",3.58158286941711,1.4872147253338
0.000706214573749503,0.90665215584884,0.894499194667777,"birdsongs",2.85597975431732,0.301672352966584
0.40807183599655,0.650814655223535,0.182396580040853,"birdsongs",2.88275716656013,1.33884897464447
-0.401637933479351,0.69398261370449,0.716646696710047,"birdsongs",3.18878991901855,0.541335369482019
-0.0509915386236309,1.03951626590472,-0.464221128857706,"birdsongs",2.06132109933353,-0.258434953278239
-1.14635940963465,0.476055222239704,1.26239086696523,"birdsongs",3.08968332708964,1.02503115356478
-0.471168380714443,0.946460797900033,-0.0544237642353074,"birdsongs",3.34357192444655,0.57486654597053
-0.198741725377053,0.797516549692151,0.836882105116747,"birdsongs",3.46259529470305,1.4123336639696
-1.26304949973027,0.968950467597033,0.825864225193584,"birdsongs",3.67405342927073,0.377819251042247
0.257307739348627,1.27967425272307,0.722844416633568,"birdsongs",3.82991634004244,1.64348926062231
-0.0485187583916428,0.446847833847607,-0.435057754535872,"birdsongs",2.67717640124691,0.556321661882887
-1.12954804621257,0.986583041170408,-0.440483019466005,"birdsongs",3.23156117945615,1.51705370917138
-0.0247663891501047,0.782381037043272,0.180914135248828,"birdsongs",2.5877436346661,0.393552295768787
0.0946096827080264,0.524283859807459,-0.699558670878849,"birdsongs",2.44277745177957,0.541424400142197
-0.400143526321817,0.857045586330749,0.212619681861108,"birdsongs",2.64278879763841,0.426582789601623
0.232883365046592,0.789307882613655,0.456316265285895,"birdsongs",3.45930591147131,1.9631008000432
-0.0461426050327952,0.858551874179038,1.3966354864592,"birdsongs",3.13166215711275,1.85007810201546
-0.110536638516446,0.881865167529193,-0.682521985086512,"birdsongs",2.74651085783535,1.95550942530492
-0.0797570312383007,0.849600419951671,0.161801275258186,"birdsongs",3.40983355720497,0.617925893835709
0.0615217609396574,0.413331040486327,-0.333992040601167,"birdsongs",3.19543543574351,-0.361996349203434
-0.192974736290533,0.453471795897351,0.520870512029421,"birdsongs",3.27869958735853,1.65101737175567
56.5138200721691,-0.0290811255418238,0.933304009930864,"finance",2.78138316493708,2.36718108183547
-20.3041346719453,0.412071703672749,1.24911199691148,"finance",2.60427502562612,1.70797245153739
60.2007066353105,-0.12413671068535,0.995628469078868,"finance",3.43232406196815,1.44150522376691
0.237463659455948,0.780588158820264,-0.75490604690068,"finance",2.25119020624067,2.76251401882909
50.4212536513099,0.110134716318575,1.05142711710431,"finance",2.93407591589483,2.05883077241558
0.338476503355463,0.986500461101746,-0.550045441236616,"finance",2.75147588475359,2.48491790188996
-0.385962389460215,1.14134762429549,-0.0981712337247402,"finance",3.641178622607,1.96132327244451
51.8084410056939,0.0157829273486947,0.781147102322741,"finance",2.81946600749927,2.1454501980434
35.6312435173634,0.704645250015104,1.05005109719151,"finance",2.8060111546902,0.279923173470189
41.4364678582799,0.837402802560841,1.0338451510062,"finance",2.81678321007644,1.68827146526054
53.0299093518967,0.101856416296422,1.14113476759482,"finance",2.70423994346954,3.8911782336523
60.0974962432034,0.366177782259056,1.14209790630366,"finance",2.96451415928673,1.46766402113784
56.4528606748052,0.115392953219169,0.900639093191937,"finance",3.59181584813403,2.67302682532962
-30.0214917776309,0.352110549853624,1.12884188133639,"finance",3.63241547081796,0.726046332662499
55.137164914625,0.29540632508447,0.451453079646698,"finance",2.82429477046155,3.27170741134725
21.1719068751676,0.0324932231348513,0.995295138355256,"finance",3.15655120858705,2.95377426961825
57.2920830424244,0.0443881446830661,1.23111528670016,"finance",2.55851557686576,3.47186747716453
-0.134225195711881,0.813035391664246,-0.583813646585396,"finance",2.94249578946597,1.51603093058333
-1.81736693529748,0.929848814497559,0.0996123298354914,"finance",3.10016501325204,1.83653137497312
30.1603316042151,0.184310847603109,1.51104222792271,"finance",3.72086055877644,2.46042966958796
-0.399748683916559,1.17464085597846,-1.02390216919294,"finance",3.5842303255099,2.39230883836784
62.1306010875687,0.312511165660663,1.2215760887276,"finance",3.50678473619595,2.86512630630188
-0.0720320056342855,0.956164080675395,-0.258406824459558,"finance",3.25212679989299,1.48722698931249
58.9922054118446,0.0724251991127877,1.21121370591091,"finance",1.56523633345638,2.34895744487853
-1.67349331418215,0.86671590494955,0.0334907076374983,"finance",2.81476623853812,2.38621912800792
0.180286576442467,0.889458039046608,-0.651560278687553,"finance",2.84325757130535,2.24510424012173
37.6931996702318,0.216669247774855,1.08472068312115,"finance",3.14768759098876,2.62289633566108
45.4933634162986,0.190268454104274,1.09112699524673,"finance",2.77718624292022,3.46973614080385
0.16924419788362,0.971084725105064,-0.373056474007087,"finance",4.06221333185983,1.90325418205711
57.4100346419914,0.11102386486264,1.15375381023027,"finance",2.86294531011306,1.51344833367873
50.1768338365037,0.482342100766942,1.15144633232147,"finance",3.54956553082655,4.366172972615
49.2343560952677,-0.327904074939613,0.9946195308457,"finance",2.87572951027988,1.39911594919079
-0.0673863756911451,1.02156701583049,-0.60036523392324,"finance",2.77035970229698,3.62242116652356
-1.29481406278369,0.976014268870017,-0.0940539725001514,"finance",3.11444615156466,3.0464263392647
34.0328404414616,-0.00601288830337093,0.991055260112515,"finance",3.70487092924526,1.55755266298689
20.8911629893665,0.688383863928211,0.954450610251881,"finance",3.54739574248356,3.37624567751237
10.3209009993621,0.626930437297316,1.07642620972476,"finance",3.31806442091111,2.04781267237562
0.0749980559159348,1.16883930115368,-0.26278693341409,"finance",2.41444234333467,0.498149714912018
-2.30662358062274,0.484110239466167,0.871287536657832,"finance",2.24217769086155,4.64546367071335
40.673104252136,0.385905832336637,1.24957251298536,"finance",3.16110754575537,2.62692136900834
31.3099764735913,0.124595526542754,1.19075819486769,"finance",2.6096767834229,3.6471802926721
-0.327523106542454,0.947022139460915,-0.329933091162346,"finance",4.35303208139644,1.85582536129271
-0.942638863388665,0.779664791693687,-0.102632550804828,"finance",2.93320982806167,1.67865410119739
0.289262893521829,0.797505805974777,-0.453867148597547,"finance",2.75720267297396,1.63470570348502
-19.0398480083234,0.0178382721818685,1.01440323820384,"finance",2.89693445132377,3.14491021523235
53.3220163375089,0.170201343349484,1.43766620559274,"finance",2.73187289418495,3.42897668723722
21.4108356817756,0.116742277721526,0.771663036432707,"finance",2.9413965950288,2.45197794275206
11.1133889478715,0.610432034595581,1.01032404702333,"finance",3.32669676576786,2.92892838984175
-2.77462235909228,1.00160641728698,0.269089374251117,"finance",3.24659616111397,3.1999626050148
4.45336678043969,0.350350771618046,1.13705535222381,"finance",2.77320951592074,1.95215389002374
62.7874544450004,0.2332881466709,1.20334387599275,"finance",2.64054002337668,2.99175339862049
-0.286566938021946,1.11292961326086,-0.621416904968372,"finance",3.27971701312045,2.83788658136344
-36.7888363801996,0.119903076422794,0.728631853116747,"finance",2.5236847553384,1.37673284477489
-2.66574195294166,1.36845787700711,0.169432088281608,"finance",3.44110644193453,2.98436509556974
-24.7776638712069,0.703854335670501,1.26802880564994,"finance",2.94021955752744,0.549733644126488
25.4748584020391,0.301683644254052,1.06017818276339,"finance",3.14318488811544,3.1276010875246
0.266213974693037,0.766834574574319,-0.686902981868083,"finance",3.46742737238793,1.87486734405548
55.5887967243556,-0.318173958069304,0.908671769094956,"finance",2.12900572289766,2.02803352818745
32.9860656944202,0.0533386864847721,1.05319548558418,"finance",3.36941236586715,1.15839495754045
24.4726111337669,0.163429087718891,1.29278764593994,"finance",3.00585428614661,2.31157109251048
25.0229270232499,0.244378136809127,1.41756114422228,"finance",3.34857873251526,4.16344970323213
-0.0776304864303144,1.00478655837239,-0.332584728653797,"finance",3.54287396301526,3.01818491207743
-14.1021713220431,0.439534755170006,1.13406720295338,"finance",3.2180230188527,1.25713331125164
61.1901164190491,-0.133499607992745,1.05585971512993,"finance",3.13838760054581,0.946063039151287
41.450297735551,0.560853159335302,0.998114809485523,"finance",2.0576196847522,1.39758638381628
-0.280321141869033,1.12973355735406,-0.420415838877831,"finance",2.90091137135169,3.4669588480012
33.0120699635223,-0.0638346971909927,0.891528080952285,"finance",3.18591527397339,1.55614912786862
51.6437911542487,0.431322196916399,0.951847660795383,"finance",2.98064799147022,2.04855495205531
20.353005860771,0.565158257283237,0.585714902909327,"finance",2.94078706627565,2.00270849132228
38.2190069676814,0.296872280986905,1.20130025890339,"finance",2.93719990496123,3.76606037650655
0.0121534589594249,0.464924719383386,-0.198716828387303,"finance",2.37254996388835,3.2398554355121
0.11221265389103,1.15348629424753,-0.78484069961884,"finance",3.37250445046157,3.06177350062721
36.5213420320056,0.132142407496464,1.19615325996362,"finance",3.37679846264103,2.64959615702705
-0.617769473302677,0.990513028341395,-0.431729282502683,"finance",3.19208111721484,2.32896113405942
59.3952554371386,0.256174428895529,0.899105586085727,"finance",2.64955353971579,3.07272836333824
27.701304540232,0.392890937863222,1.03980497553866,"finance",2.76856859802761,1.66031810733224
55.0801983027923,0.242132717243106,1.10867987297089,"finance",2.20479715199889,1.97868046967857
59.5815996144587,-0.213687598580699,1.34021707608564,"finance",3.03785648868873,3.74957569713624
-0.25781636327098,0.979257367778976,-0.836816389949674,"finance",2.36430194067875,1.68757768344289
-15.1938923079888,0.288648339388924,1.02178353163158,"finance",3.22915473803399,1.2403496596558
-21.2846448800258,0.530186737224058,1.14900763648185,"finance",2.67608969479574,2.91000263079219
19.9286452963697,0.236231721826178,1.0330327429559,"finance",3.70258483565765,0.0182770363475053
-0.645434076695695,1.13404974136947,-0.378924941225191,"finance",1.88337245235753,2.89552194148642
-27.2619882220315,0.650916490763623,0.680243755716204,"finance",2.41529689323189,1.64337475743578
5.95903246153791,0.470242546107782,0.658970307721486,"finance",4.08799596411543,2.75135709446751
0.666814299604436,0.98046223968911,-0.526692678475382,"finance",4.35554228644475,3.38323894178938
8.10252732628985,0.412703751309922,0.61008744111338,"finance",2.2317925657012,3.10581949069445
38.262490712915,0.549833253335536,1.17000077578904,"finance",2.91355344192118,1.64222774067871
18.0232901533647,-0.0444284386956925,1.33440022654802,"finance",3.04429423441337,1.60511033970729
-0.402064041759317,0.372389369500925,-0.232917229745882,"finance",2.59302694975241,4.55411075176039
56.3925145049896,-0.431733376706558,0.636607355746877,"finance",3.27878716682742,3.21621716727889
-0.0377190926815932,1.04987002225842,-0.497719125818732,"finance",3.0924428841195,3.21717031924365
-16.6980429269368,0.101750271280883,0.75189832342739,"finance",2.75370293056838,0.958699308537771
53.5890169935257,0.224353229608347,1.07003139286808,"finance",3.30902685168536,2.55924996491869
0.0469872483259371,0.878929022408897,-0.689380180376101,"finance",2.67053979434491,1.50250270965012
46.7322490338987,0.132788362864183,1.03868871969328,"finance",3.96380222885788,2.37441425251131
-9.52477493424205,0.780985696208427,0.999844398562928,"finance",3.47811674748818,1.89058693912091
-0.147811874011697,0.695487605190477,-0.332952942878607,"finance",2.87143636829194,0.908496323507449
43.8537808426753,0.290105106405891,1.551475027542,"finance",3.14935604011806,4.1801452405666
0.342831991973396,1.05230420718,-0.683481027688539,"finance",3.41688172771165,2.73851956588534
-6.25143459536001,0.377296559318191,0.982634796018946,"finance",3.18133937923053,2.90370773297438
49.3285163034523,0.4580437099332,1.29064013719592,"finance",2.26221316585597,2.75727219308558
61.3732324886277,0.292170165421738,1.08277027196852,"finance",3.35673515694185,2.64685941623704
36.8842834593089,-0.167379470101769,1.13486495153472,"finance",2.67790935461048,3.39433709818934
18.8568878659706,0.0807816478558905,0.99111238384177,"finance",2.78270155249596,2.31552615747555
49.4945724433053,0.0954329110667433,0.858161946891595,"finance",3.06863099121061,3.96415057509649
31.6909771358054,0.291247669378932,1.16532892507368,"finance",2.27592519243545,3.70252312266713
58.5667971973107,0.651772712988798,0.663989215537148,"finance",3.47015865767185,2.71181627040865
-0.0217478124366838,1.01322066259211,-0.423728666726821,"finance",2.43562471012452,1.11274363990967
16.1335826671096,0.440706187689139,0.816115226215286,"finance",3.02967267996643,3.73770607136896
0.269635701857792,0.374793001374129,-0.557619320620883,"finance",3.25063947197058,3.25028538348533
49.7495825751683,0.260997305861131,1.30082981212823,"finance",3.61920489516906,0.286032254854537
14.1496744093677,0.661823507468485,1.07650764834974,"finance",2.72733200248573,3.18071551212183
20.2411553680733,0.632812328428764,1.4573761562591,"finance",3.42024381214158,1.97903926351698
14.8238788599619,0.204825545015655,1.11780017651708,"finance",3.10986102349234,4.21243813327819
0.516467596458326,0.925304863509812,-0.486739917110804,"finance",2.26168116190213,2.5076992123265
45.9575477203687,0.230707766861602,0.966426246991768,"finance",2.88609716317174,3.29538490911603
0.342013712786114,0.980524544562275,-0.0768740493385287,"finance",3.16781435635924,3.64960970376031
0.222886606286818,0.901664056204513,-0.622479149937276,"finance",2.96872170046206,2.89696930768619
26.9457335424753,0.214554466559062,0.950075882239632,"finance",3.71090034109224,2.71129989113583
-22.7283418006135,0.363132098199548,1.00657774132994,"finance",2.41722350210384,0.92788826279166
-36.9488926779146,0.237357209002708,1.23897652020969,"finance",2.64363531257625,1.70906946626122
-1.51395609242093,0.836987042204477,0.128859900733362,"finance",2.81916247150388,2.48261164966665
57.4226120113353,0.105731215768159,1.15543012679172,"finance",3.63983264913597,1.55731395682869
0.815120282282928,0.959877173769439,-0.267004523922158,"finance",2.94869954524371,-0.367953305595579
57.9879207014761,0.126907731814477,1.10515501837566,"finance",2.69328803220816,1.83506587953069
-34.0072497803575,0.309019214731831,0.812990200967571,"finance",2.73605313790866,2.71862051428784
43.5674448693916,0.0251605744874228,0.915191186970953,"finance",2.67827750580388,0.935852603873789
0.779266183850372,1.12805423734774,-0.00590676494380739,"finance",3.17173824413369,3.13878645710624
-0.0599319580206803,1.14492926006482,-0.414625395280636,"finance",3.22472155917526,2.77623388449276
-15.7055127715395,0.390304294563184,0.599419150779187,"finance",2.83789887432729,3.17922112853296
54.1383792746219,0.411572705677208,0.62692172802081,"finance",2.81342808560059,2.31378479242618
22.797353081565,0.18195428492715,0.948004711889105,"finance",2.72206118298039,1.7729016704676
59.9875486389416,-0.409792199031446,1.37321710429304,"finance",3.50696488486233,1.21405950532233
0.24264287163327,0.851525658302397,-0.59100734115895,"finance",2.37025268021608,4.54462599323053
35.6838978874526,-0.11085305637006,1.0972200405282,"finance",2.6120266474451,2.14153563168402
27.662612801107,0.351930764176197,0.89050119414606,"finance",3.41998252057775,2.07326841240052
-19.1939349180249,0.468989689026222,1.27649385939547,"finance",3.35999259384439,2.25148689885444
-0.906819282812642,1.18651509419095,-0.845245801044531,"finance",2.6564111690643,2.81780290996276
-17.3129228898057,0.871802306196209,0.759604647462024,"finance",3.45572113591408,2.38034752465799
0.435025742695437,1.1286923679814,-0.228509266839063,"finance",3.06956647757994,3.63563396458518
60.0969226108123,0.0169705191855194,0.929747210345168,"finance",3.16630183759743,2.63984634013307
-37.3582099112751,0.621628629034299,0.945663113653071,"finance",3.25694514065926,4.31706159472789
-0.000703149099794603,0.646391837105162,-0.335451431289585,"finance",2.6427403678122,2.12767139893527
-28.6026565245574,0.245880752128509,0.957495413014209,"finance",3.53156692181198,4.63158446187235
50.6360573328619,0.376461435931015,0.8511668636729,"finance",2.19795571661182,2.31901934226528
48.0884739285631,0.248179048537603,0.721665429425922,"finance",2.307827003952,4.15969101134988
-23.0394936020152,0.195770114443984,0.920743414493383,"finance",2.51683210966105,1.3597036347129
30.8964739046899,0.449517036045906,1.03098823253552,"finance",3.92510687977482,1.22004477993212
0.469780943701365,1.01522212124562,-0.0556519551426907,"finance",3.11617056868097,1.69141275030797
-34.6070281950318,0.285197364780646,0.981134794502186,"finance",3.64518894701882,3.13324007374111
60.9641805532145,-0.0368933626825423,1.29660165570303,"finance",2.09470957852092,2.05518814620985
0.226044177071677,1.04317222954757,-0.123111538040555,"finance",3.25617613794699,4.03412700176759
22.0496179921227,-0.0540975101673179,0.854357811958348,"finance",2.53167640862389,4.43924711933058
-32.550427054182,0.281132582622404,1.05816466872926,"finance",3.32739855681871,5.80757372779653
-0.0722274409192089,0.807502790850965,-0.587390342287628,"finance",3.87954828796687,3.51292186156779
0.0146995032939264,1.00904939409632,-0.461263826040837,"finance",2.92709432561521,1.77348439636314
-22.2952638941316,0.405110335051387,1.50014597750792,"finance",2.59531448331832,0.0874430782800215
0.0393841494730101,1.38291816880613,-0.294032525414549,"finance",2.79062872499698,2.8403354761518
0.0553688286749976,0.921087971609193,-0.198000554158002,"finance",2.61192415204266,3.83907811567309
20.5854481966262,-0.0947221343832924,1.0141946590598,"finance",2.07725395662808,3.2684316364565
0.0666070043026492,1.26692909975916,-0.381008279146615,"finance",2.57542654981111,2.56237058173663
22.1208104725145,0.426471905773533,0.895747278722978,"finance",2.92049080710663,2.95491619768598
-0.0358373413912113,0.880921108499908,-0.707479546287752,"finance",2.90049277151098,3.12967454235391
57.8727145389677,0.181650657739416,1.1298618660007,"finance",3.31421404606887,2.28208371249337
18.6799483699231,0.453437789979556,1.33298543845868,"finance",3.76666560787503,3.39697252646004
27.8072564313186,0.269685172605244,0.819969935960712,"finance",3.11202162605056,0.829331614932905
0.838966362356603,1.31197854461524,-0.673937287752265,"finance",3.6629007498724,1.10450145507785
0.681007654184376,0.722090928362672,-0.058229255132651,"finance",2.51683094713991,2.61261004215113
0.118109379664349,0.828440363955182,-0.293482815139882,"finance",2.56963747918121,1.16389397923177
24.3181599137866,0.0775828214582411,0.899824854214011,"finance",3.33944273754776,3.21439423666711
-0.00751787231736113,0.890754098551929,-0.390521439827767,"finance",2.99860501235274,3.09453805008831
22.796584283358,0.296002874406047,1.18426479552094,"finance",3.1899591612491,2.62998071419344
33.9340261625418,-0.0285313324460232,0.761420962080758,"finance",2.99860088847454,1.66351639960859
-0.00433139109077431,0.603876321965712,-0.358708045492729,"finance",2.49773773826003,2.64710051653887
0.330935343849596,0.482261543193292,-0.464742573481712,"finance",3.19993843042037,2.64839926971251
20.713318125483,0.491126426419931,1.06736722586366,"finance",3.0151066985317,1.96047970700507
-1.50585320703349,0.801782713247121,-0.0246757605234507,"finance",3.21294318885803,3.29551984900081
41.6249848773755,0.278026643440285,0.970327419111617,"finance",3.20628187348638,2.98975479862822
19.5622248746824,0.0435645496559231,0.903902094434995,"finance",2.9854133769488,2.8564062496789
0.255473085334731,0.881393945645934,-0.0587727138464788,"finance",3.45855173818403,2.20834166661824
8.31615082280059,0.23503511329212,0.953872738116096,"finance",2.94713637757564,0.527567569354151
58.3649802143885,0.0475767290758886,0.989933897280018,"finance",2.95101544241155,1.57641725267049
0.420317830285937,0.982724178113081,-0.861704736898133,"finance",3.20991858025664,4.74884559443129
-3.50908370046684,0.824527836900373,0.143603505949059,"finance",3.84956341482645,2.4885784588412
58.5817237995623,0.491462437999633,1.12108028799428,"finance",2.82328525280456,3.00538673295263
-3.98465897457994,0.660109339779306,0.760148291927556,"finance",2.48962145056099,2.50109804048771
45.4376280849237,0.0906875145382051,0.928819852169239,"finance",3.36607686773531,2.49280326558356
0.500589301958014,0.758508970266958,-0.0778887429998883,"finance",2.64564667027996,3.14099697962291
5.56940606912626,0.107813423758282,0.937826581982878,"finance",2.81729713542803,2.15267951195786
15.0497147820269,0.177106241385229,0.856079738701187,"finance",2.60742041358643,2.88659297496422
29.428179224599,0.173283752332453,0.881313040166141,"finance",2.71120587938343,2.16161643697823
-0.302504430988024,1.01760872496992,-0.0661760283837486,"finance",2.89002416325016,2.39427810443551
0.134836345111606,0.555973972196769,-0.362501826007357,"finance",3.12656652607948,1.71153699180626
-0.491969364061924,0.797508036128432,-0.222791162315496,"finance",2.79102339332082,3.08504274285849
-37.944066437271,0.428633793296637,0.90694755007877,"finance",3.17346070273527,3.77286673972734
-10.5766950434191,0.412735222249634,0.745328899661725,"finance",2.75757312908659,1.13753399609912
40.8650545362672,0.387713441048696,0.915127849169732,"finance",3.74872535589265,2.81794968162954
-0.587359936485394,0.94343687089189,-0.615962048010025,"finance",3.1718120441882,2.14303727509839
-0.16916012829075,1.08978197734597,-0.591360187273586,"finance",3.1927366890176,3.57042018513568
10.335316030264,0.0838306914950698,0.991143268337444,"finance",2.26079006275486,1.83357869613694
5.43378662769666,0.363603564298403,0.752606574275127,"finance",1.95285118798572,1.97191951065393
-0.609694625579222,1.10419849002954,-0.920787174603484,"finance",3.58044282035385,3.1925224148235
-0.581408639281955,0.936385012205254,-0.107972483262883,"finance",2.93793341281296,1.37007282818894
32.9156987924464,0.151362216380288,1.05299944905634,"finance",2.73496631900314,3.47018132218683
36.2783768480509,0.240854398940801,1.08707290525331,"finance",3.5592497251426,2.14965844159369
0.4308431727739,0.734689660320748,-0.560390931847818,"finance",3.27471302209463,2.66944420572477
0.0644133984746873,0.857904227694916,-0.323939435925355,"finance",3.60734330120045,3.18373261772436
36.293573834761,0.416200299236311,0.894592752967529,"finance",2.82957029459913,2.67487513770443
5.28354249281247,0.442006474823276,0.686150537627651,"finance",3.31361008328886,0.94932361586315
6.45117044139816,-0.110153856672553,0.923682079442883,"finance",3.04974050193593,3.28147879027127
-0.160322974111327,0.786519277649022,-0.756150147991453,"finance",2.01065328703852,2.79622793423532
-1.18384622287138,0.990152484199481,-0.145982693696402,"finance",2.97406981347836,2.10506851731069
-0.473461666953277,0.925686980536214,-0.120569958948065,"finance",3.47560019313364,1.6470595685236
14.7263201855382,0.398479669877886,0.912013077930431,"finance",2.89542260844318,2.39550411613457
-0.0824128279026543,0.491337681280555,-0.416580151774799,"finance",2.17728218166027,2.93056662875464
0.70215763494727,0.765067036923213,0.590137711582134,"finance",3.53409371430958,0.91329715444631
17.5583541645032,0.423944019736776,0.973046526559175,"finance",2.95069171247553,1.96027717069921
0.452837693106304,1.05007364770544,-0.133560353039129,"finance",2.80041487935997,1.67070016088002
-17.2440459715457,0.286438414692705,0.831710313901047,"finance",2.64811196167665,2.68458920942747
5.74577879295758,0.365306966129006,0.93521700243315,"finance",2.8560950518677,2.74427866498019
-0.0847940426265276,0.919840714040254,-0.802272701911478,"finance",4.06598839251075,1.17809412979079
6.0694729211518,0.549473016823742,0.972290026642647,"finance",3.3052265677615,2.94729723061311
0.809464459365805,0.756189511119238,-0.263834965110068,"finance",2.69387271843929,2.91850688407655
0.202038731074659,1.22478670234866,-0.233032547951558,"finance",3.24456690002372,1.81787637092636
40.1551773826136,0.186811730967278,0.906336686683058,"finance",3.41970638921779,3.35108623828526
-7.87715528596257,0.722916565189353,0.685248272490409,"finance",3.11075113417131,3.26655734143332
6.83216292694606,1.01655966703037,0.828807277329757,"finance",3.98942245714067,3.48920843690549
28.5998751927765,0.529671910382634,1.16704483271826,"finance",3.81795110842418,3.74794783212989
0.402002023651916,1.12873481447681,-0.189080120491695,"finance",2.9723995329262,1.95582971368856
62.304616565344,0.136711755992172,0.803068625273501,"finance",3.77418031750017,0.986706944930096
-0.0494529820208938,1.08703120075556,-0.211678091907799,"finance",2.57877631635312,2.96607423647949
0.304703598805977,0.785712080970917,-0.102301575169736,"finance",1.60379462725366,3.27972978953138
-0.210583698798684,0.890124676616187,-0.478850551445649,"finance",3.31841951355265,2.14948355200631
22.2304204242236,0.478356472594338,0.69485557717278,"finance",2.24370513364302,0.569716301855143
43.180282994415,-0.114428321143539,0.924615049068736,"finance",3.20683487305997,1.6585294337025
6.8691343729225,0.384738189705822,1.0273710817769,"finance",3.5563219948325,-0.394815158543637
51.064417058884,-0.0224904166350148,0.936750529507995,"finance",3.62296310907152,0.960925943495934
-1.86484138442332,0.930274035163726,-0.207091262164676,"finance",2.98320963850011,2.78230844849974
-0.218112042195961,0.707221522699057,-0.182690714242685,"finance",2.82222761812458,2.67191293722527
21.9670605267742,0.00219149926736512,1.07796798815018,"finance",3.21439273681566,3.52019152050921
-23.6215730948208,0.560751093346614,0.903731294442549,"finance",1.70444276695712,2.64124805177561
0.276994844548399,0.977977979475561,-0.332846127036875,"finance",2.91897094299126,1.88836253480875
29.5862096990906,0.548208458596361,1.34203787882451,"finance",3.53603244153278,3.40964578918771
52.4582314097189,0.0999494782824811,0.872318097272639,"finance",2.90959449254384,1.12037902167692
48.1290059428731,0.528494944921938,0.984853178572042,"finance",3.79586193895006,2.4170810453807
-0.0661475615095266,1.07626949698086,-0.454456301847849,"finance",2.97945218639022,3.3039844175011
-14.9189344363493,0.0783199486557317,0.966953499111679,"finance",2.757886420423,1.36777763202572
-0.459699013832103,1.26873596780356,0.036172055986857,"finance",2.57393673195807,3.59443431412941
-15.5279976277583,0.266209575072773,1.12770370671457,"finance",3.74407862171279,3.01876316118034
-39.1258518591499,0.2555050162127,1.01027759057797,"finance",3.5984672627702,1.50633295161681
0.38587888797111,1.00364721202328,-0.475018802446678,"finance",3.29166986292271,-0.0161126088480401
50.9957269421061,0.388546487047963,1.1447762597888,"finance",2.84149936349855,3.84348084759277
2.18582079781836,0.43629290271475,1.03060243175894,"finance",3.32499840037763,1.96286941921975
36.3089013186587,0.318191017013531,0.900820060945156,"finance",2.61035239676951,2.79246268487576
50.1451485224165,0.362512120424512,0.981366206228418,"finance",2.92264161754676,3.74664578631601
0.165735172866884,1.00277609670589,-0.741182455676373,"finance",3.37310607861098,2.65869436292881
52.4897680618254,-0.322752101723498,1.00721543195535,"finance",2.54419480126285,2.71707327771091
0.437185224994214,0.978006019710969,-0.715659834396767,"finance",3.01400639201106,4.38978652245675
14.1704201605023,0.403483031198566,0.969754722561997,"finance",2.69832601561505,4.16720815925391
9.90264035833067,0.274061236887499,1.09575096945946,"finance",3.69687368505577,0.575096780980946
0.130890497244706,0.850976703844832,-0.572077783674399,"finance",1.75924246830447,3.37430045808936
-1.48428863440622,0.856741454480619,-0.110753134715044,"finance",2.87507903785329,2.54217520244905
40.7168713690591,0.223132981921609,1.06386674534824,"finance",2.67445998421711,4.14325767824823
53.7098428417488,0.266020232433144,1.02449395036071,"finance",2.55657624148945,3.50976141188864
0.0733420576711392,1.01834729435989,-0.574180809641333,"finance",2.38880693795103,0.887136531341356
0.416642961851765,1.13366239449947,-0.424570392229963,"finance",2.75160054858068,1.4782669262565
-7.67315839681173,0.345281564679677,0.733927408999208,"finance",3.30336987007248,2.22851632929008
6.03631685231803,0.203802390211699,1.32303157293416,"finance",2.79440802881545,2.5478956025811
-2.07457732255557,0.804030864943885,-0.371661842255793,"finance",2.74684320808265,2.28947687959611
0.208245609790726,0.752322544865124,-0.182604886236721,"finance",2.61112693370956,2.87976153017967
4.42843048543032,-0.131835116220533,0.652548039452999,"finance",2.43116788550202,3.39843686929002
51.5702783565034,0.443475317498306,1.1242111628585,"finance",2.69232139459349,2.62063676703998
42.4949809376925,0.480788528373225,1.07919954924946,"finance",3.54276913461581,1.46919374778657
-0.0814342339029755,1.34658779711261,-0.434252225882048,"finance",3.17368294974193,1.6590589614076
-0.753825418555837,0.989602145160617,-0.0231200974417481,"finance",3.91495183134068,1.31048054728481
20.0642198471065,-0.0685699251864487,0.97802248247076,"finance",2.50471490781674,1.6285330296674
31.5583566462982,0.0283823134751979,0.939259400467456,"finance",2.34076140616277,2.72063320421625
55.984831555576,0.275020845258006,1.23290690139523,"finance",2.57742035001326,1.47071239852543
0.149734386056436,0.969336354811034,-0.533932078640842,"finance",3.30697327590698,1.33561468974941
57.7465814591726,0.1649596538647,1.09343742195779,"finance",3.33735801892076,1.97890416371762
52.0296361611588,-0.264898274628507,1.34739940517663,"finance",2.78054239697389,2.20432614785713
-1.14247689205132,1.10565087515487,-0.114559130880204,"finance",3.81887178222967,3.00722970928273
23.5468661376536,-0.00783736951727812,0.847137180330356,"finance",3.54029529666144,2.94172496337835
50.973071403293,0.25985143205319,0.991954426155023,"finance",2.38052050434269,2.10725073418772
5.32144398639843,-0.331103642078938,1.20026752407592,"finance",3.4220819104397,2.90852245654925
-12.0777799829854,0.43351510656692,0.764441519879718,"finance",2.97975659387857,3.19239926577051
48.4522217377149,0.32490396153375,1.08042178898346,"finance",3.71828221520633,2.60530700403289
-0.184453966630977,0.640619905848019,-0.456105678652833,"finance",2.40434863869816,3.82667720434098
-9.44964132577675,0.460078491005754,0.881488990605715,"finance",3.21478917788174,3.13115549527727
22.3188959133349,-0.00387252638129729,0.934266678608121,"finance",2.43547340135054,2.6697711869241
0.154561054501849,1.1581318933389,-0.389502177317506,"finance",2.76024830851728,2.83483101820072
-0.892798877814949,0.905986640136957,-0.203599547726135,"finance",2.99923879152723,3.35967823795157
0.101430120251829,1.21299952337698,-0.379862864423344,"finance",3.12929313612123,2.30573949390854
20.5789107623985,0.469637588422426,0.902539391934523,"finance",2.74561129499057,3.31218074973957
-1.41103298623315,0.335751868890761,1.05637655566827,"finance",3.06962750196461,1.00778716938351
0.562158964741287,1.10353804537627,-0.346494914642472,"finance",3.897258152324,2.39184146397034
49.4777612422606,-0.145778077920328,1.0879837311919,"finance",2.64426253252105,2.586835250754
36.6194880962478,0.346193789437718,0.834034933118635,"finance",3.28396830781157,0.787854888057655
0.449412143967999,0.722387312911264,-0.345116740981164,"finance",2.50830136862499,3.56274988441041
-1.18078637549189,0.890027627437399,0.19400836880354,"finance",3.45514333408857,3.53994574493461
56.6775968378925,0.133869001848931,0.894097631469716,"finance",3.95678969583064,2.44282060101527
-0.287632586352459,0.833722230338953,-0.368738523277236,"finance",3.59897482362647,1.69394203670846
32.3180709361636,0.227091181347763,0.894715746484943,"finance",2.76131586697597,3.09355784488964
3.74021425388649,0.517376278287972,0.909423874656849,"finance",2.67587696404086,3.01919173052739
-1.25476874449258,0.826205798234083,-0.114426267061426,"finance",2.59031787769073,1.7618858162145
-21.2144156873794,-0.175942931219183,1.02682070025137,"finance",2.81124171463992,2.02065569950279
0.0265005739036241,1.18012384482948,-0.50420237063503,"finance",2.62915960480493,2.25192821232321
20.6845140147661,0.0912887574908837,0.876445930840738,"finance",2.54738558875303,2.63281147120633
-6.20377843053385,0.392472129621681,0.703033679599327,"finance",2.67066472517061,3.96697361214553
33.9652811294135,0.345177809490037,1.00753738534539,"finance",3.03587984704656,3.57962643442557
53.0588588823735,0.236655320222389,1.51184944561695,"finance",2.84180314064096,2.68349505104754
55.6996681779274,0.277705578592887,1.16028897266198,"finance",3.78330375454155,3.23841742569348
-1.20858031214147,1.15521752179823,0.0988757298559977,"finance",2.76502997761269,2.73137799633199
0.142752363540769,1.11944735013339,-0.300531841399894,"finance",3.02274476321374,2.69048073192745
-17.0979229744138,0.655657214304829,0.90105961261902,"finance",2.20088627014445,1.16656099420873
21.75148671442,0.672957738911844,1.12196975034603,"finance",2.47527611098455,2.54193064429805
8.51575194408863,0.022135974009755,0.773827770399359,"finance",2.62462565510433,2.31144117877798
56.9530902537789,0.345278508559414,0.880486486904478,"finance",2.52277442838524,3.70116950435593
19.786987833041,0.361272629199464,1.38262207281517,"finance",3.11493013856775,3.94142094701862
51.6472549764417,0.658284437337829,0.824515662029962,"finance",2.48857846472102,2.72811150242862
-14.837213824591,0.0478246450773572,0.977498117052158,"finance",3.7807988022118,1.29496196054516
61.0914163640743,-0.0599043519898463,0.773617105794594,"finance",2.87426291293067,4.37713067068768
-1.1998628821003,0.720265144988093,-0.325411879014695,"finance",3.52734886869613,1.93473707871478
-6.85162579524925,0.379318879675623,0.866886789667626,"finance",3.83856687899887,3.36086291127599
61.3116030872907,0.125462927715225,1.03970646018387,"finance",2.51201686576611,2.1587226427982
47.8140468335961,0.176164720366572,1.11737400174888,"finance",3.1985916306322,1.97928098083854
0.0374561503473824,1.05469788223976,-0.102963954895753,"finance",2.2310919778993,4.12423045102345
54.1100079858489,0.239123826703962,0.660220062409765,"finance",3.93255218629147,3.69478595628037
-0.803404745651253,0.874862469841544,-0.254971434849727,"finance",2.52070525200145,2.78539879283165
-9.43336373855463,0.37706652585832,0.722427287813894,"finance",2.5728878577001,2.39386556568558
14.3035887958685,0.484041426872257,0.691007393708976,"finance",2.69390647354808,1.319191861651
0.147343517956187,0.967240472808098,-0.316838210181102,"finance",3.14514221295293,2.79855278036276
-0.509334344871453,1.03497023643382,-0.521833643756815,"finance",2.39556479655155,1.23483975523837
36.8314096531553,0.0581083024992088,1.28769918539351,"finance",2.65057993457108,0.890942228699512
0.285519123030461,0.838334003687554,-0.4206860964832,"finance",2.66612614534489,1.99312837666267
-1.38004171898297,1.19521816773781,-0.0919351992782338,"finance",2.79049254304611,1.44318978775198
49.0392141687933,0.125104924000269,1.02635840873084,"finance",3.15644682753617,1.10659068724199
0.12893048848539,0.603532202500877,-0.124524687840574,"finance",2.73098042746031,1.26317354884681
13.0578070405698,0.485393781262553,0.866131991243971,"finance",2.70410533800398,2.64265332348194
0.511944236545833,1.40943558292199,-0.262884828650425,"finance",2.62671767318732,2.4510447411446
-11.7027846225983,0.463909479021532,0.913654558111156,"finance",3.0441941897256,4.09341331567298
42.9184310447029,0.451638957195995,0.7924746713236,"finance",3.32765844704223,3.47277407800387
-0.999511795345003,0.899732494249943,-0.125565332184216,"finance",2.65294189671585,1.65618126595917
-43.0947757222624,0.400641127257477,0.8569619473908,"finance",3.16587612058348,2.13094840939893
0.675477083497703,1.16091181187764,-0.265115492887113,"finance",3.46727790027006,2.03315905270431
20.2774136779853,0.129242816647083,0.897854294238287,"finance",2.89836907203734,3.4007524558159
0.109464230272405,1.14201103663077,-0.304255869556991,"finance",2.55381189758332,-0.430192322506554
0.375669974456006,1.09598773413189,-0.464809063367616,"finance",2.94928837069088,3.23817366878191
53.3840357436503,-0.26188085685125,0.947541077660259,"finance",2.89059077686192,1.46291117146129
-3.2374286649495,1.31467341060062,-0.071021932106181,"finance",2.55836232327199,2.94549776830287
20.1743181490595,0.298307559950063,1.19165991234456,"finance",2.89610550595459,2.22924179654284
54.4657305238286,-0.0134208221128234,0.991036901372887,"finance",4.37473347776078,2.30669875926874
16.077128324242,0.290598526241316,0.751225070326413,"finance",2.98372319157696,1.15649349841899
-0.0331936157461391,0.562527514968804,-0.307718794728701,"finance",2.78840888154037,3.21744485421719
-19.8955343501058,0.629130805346466,0.963318215854808,"finance",3.19875900986562,2.67073115734614
39.3474577338157,0.307127171564777,0.975343036293554,"finance",2.57033694887278,2.86995830237801
39.2535786414917,0.156241320282858,1.2554757071031,"finance",3.51017055204822,2.25521486275316
0.641671009862706,1.13939928920818,-0.358130680618179,"finance",3.90015938129056,1.61819509630638
56.5586253544942,-0.0136107872893629,1.12912758203502,"finance",3.29420107583086,2.43952296883021
51.6436475231321,0.310702674942936,0.723457076083601,"finance",2.7096389506332,2.16959865426515
1.38322183548164,1.20694421254857,-0.0575371930941375,"finance",2.6114678501614,1.22869987523501
48.1658814388124,0.473274047893764,0.972704773504831,"finance",2.38336634354156,1.46412422297839
-0.112572971669534,0.620971959402622,-0.217191756781739,"finance",2.6018053666755,4.00890988363683
-11.1084989262233,0.177451046530719,1.35237208425389,"finance",2.35392053032582,3.1867243220254
-0.0199189686484764,1.20154994125091,-0.431865798544458,"finance",2.31726900797549,0.876772580377953
47.659228415723,0.176258608252226,1.07912036860462,"finance",3.25966433030913,1.18110701671658
39.9485135963075,0.082927426867301,1.25497850951675,"finance",3.55717436963519,3.40915633112012
-0.0157044835972204,0.804637951303047,-0.621783106976704,"finance",3.17951976754117,3.97069469419063
14.2670097392549,-0.0108383689310661,0.771392970009372,"finance",2.71088219999232,3.08110518564198
-0.076867542283444,0.750518242369836,0.148886572017611,"finance",2.01355604659797,2.54584040367275
-2.25015826940291,0.215631695878221,0.931652212275283,"finance",2.48020370698635,2.82907361226835
28.9767413868584,0.247386272027004,1.13909499388329,"finance",2.41183637380892,1.84178377895602
7.11985930231577,-0.124915290938937,1.40007103667465,"finance",2.69266288349924,2.05411466459454
-0.0566546959794467,0.592678442267791,0.0115248336072765,"finance",3.38815777343044,4.36514810525772
21.3365756172028,0.394638725639065,1.10798538685929,"finance",4.13376315706378,3.25205345282463
0.182954664247507,0.941644696245522,-0.643984665546928,"finance",1.95881827523445,2.76122536287624
18.0344774080063,0.568582871573628,1.67735679222874,"finance",4.32694658176556,3.06143073356193
47.7829254436311,-0.107504107543073,1.14228692837678,"finance",2.6629625492612,2.66736909893057
-0.466686258708365,1.06066354915415,-0.357988412607186,"finance",2.60522934215522,2.06099200302577
1.03920465684517,1.26889578513518,-0.0500260054920499,"finance",2.56124562447622,4.32686886002146
23.1691573690227,0.0220804123335927,0.72445980429133,"finance",3.09534215553718,2.78207092288481
-10.0477032921998,0.667469323301938,0.879784555338358,"finance",3.47366415796313,1.47087664162637
0.0181256031814909,0.604104545305051,-0.399630742154379,"finance",3.81998850522824,4.04825474937066
57.027689246619,0.139427105516526,0.858719671910562,"finance",3.77406726731529,3.55086636310764
-6.26437674555933,0.277142607899725,1.18513109801238,"finance",2.76545060513008,0.811817365614056
-0.0246723024590817,1.14825542263082,-0.0497080458105074,"finance",3.44907870632144,2.98377791359168
0.273507478029357,0.768580892440269,-0.660421844607186,"finance",3.0841166923125,2.79836531009665
43.166485746249,0.121738679995172,0.929712398158273,"finance",2.84395578006451,3.78023635870517
-16.2065239555622,0.508187178927886,1.08714171513109,"finance",2.60670414737048,1.10424064649706
35.9982899471025,0.284164201930808,0.763748800738089,"finance",3.11199688613823,0.476319053808175
0.0284071180205986,1.20711665642344,-0.293880200348965,"finance",2.75851019470492,0.491983844548665
47.5325502297097,0.00390025921788377,0.740080016910059,"finance",3.15531750774907,3.35480150103017
57.2811989040859,0.0229978407162142,0.764291312960027,"finance",2.67152495582983,3.65369220265753
57.605033346384,0.295279387369031,0.948013979374424,"finance",3.98383883866845,0.939650072706443
-0.0346792306253837,0.981792729001199,-0.623205978977278,"finance",3.85322854305814,1.03594414972073
-0.248615582395526,1.05475417687258,-0.449889779173742,"finance",2.50963267608433,3.05707339396328
0.515860372033502,0.95038019192644,0.294503506805872,"finance",2.75148913783547,2.7210171715341
34.3731376172667,0.115946539094858,1.25027809458679,"finance",3.2355555605032,3.27115870093826
-0.182301850047594,0.737407952518095,-0.421690812212548,"finance",2.97667579189133,2.15946644964589
0.102914849974636,0.726508354193262,-0.121650619207961,"finance",3.2868067373234,3.22905862680591
4.39441734703945,0.595709123249902,1.09650886324981,"finance",3.16370096712159,3.71339889144454
16.6505303371829,0.142348059330325,1.0795332617192,"finance",3.22082631378424,2.52448105496953
48.0346729789568,0.140580579686555,0.831058582970037,"finance",3.108955746774,1.83037167418911
0.140403865677701,0.971159714320438,-0.594835480694787,"finance",3.36047485083652,2.81100166648922
0.787736246661106,1.03542433886081,-0.212089516795726,"finance",4.00858716554377,2.01713132193174
-30.5454025824098,0.234527898509091,1.01608438087143,"finance",2.94830198786002,2.17991884663654
25.0427029121754,0.646828876437423,0.770256855067377,"finance",3.31941656562718,2.94141666281473
0.194209336492393,0.962675036372869,-0.382251051686211,"finance",1.93951820458508,1.36100462405176
22.0952805794059,0.0981990741181517,0.839462982868611,"finance",2.80769156457087,1.46611052685098
-0.019612914707519,1.04922834316244,-0.623854382256221,"finance",2.55361769906932,3.22829026034496
-0.0363340537759738,1.2449427061105,-0.130483007660201,"finance",2.94824485362246,2.18514767313261
26.2014008203885,0.0534540784711659,0.933636709216647,"finance",3.48712660842096,3.22373831462668
0.0405384566754867,0.864667869630569,0.068293866360554,"finance",3.80819435906084,1.07256262693735
-1.08661592653843,1.23695970755661,0.278414826888434,"finance",3.25066574765424,1.72769016391108
-0.329542304488933,0.891287329689064,-0.565949394733748,"finance",3.72609080843739,3.00529957364056
22.26723526324,0.190644510415711,0.879750088107348,"finance",2.79214157183333,0.0474259738882483
45.3807736327755,0.517696888115451,0.883261206223412,"finance",2.84875663507967,3.8192844388981
-0.190260955198958,1.1749645081027,-0.579188267786936,"finance",3.17483574267921,3.28693251437331
-0.35266102492418,0.657670532505141,-0.142815551174954,"finance",2.93107440873617,1.99966196101196
20.9615108731505,0.0215269493159294,1.14970315605384,"finance",2.46680603382226,1.69620126193952
33.6437328524538,0.343720474901566,1.02113943722178,"finance",3.73938075074788,4.00294007133236
20.9959603607645,0.146027344904757,1.26346827989088,"finance",3.30883028134252,3.41963919308545
-21.5419625147384,0.344457463522912,1.24525989125821,"finance",2.38376214920789,1.38679399757024
50.6030357811667,0.188787270802916,1.13647719098115,"finance",3.2311648697367,3.42306854382231
0.290439441452001,0.999696434575299,-0.907227465336007,"finance",2.00796440337784,0.784195650885749
-0.922362560577999,0.875890923397628,-0.157176580859488,"finance",2.92902832744657,3.80878282986985
48.1071071943455,0.209616477888501,1.12725219301905,"finance",3.36165326556279,1.90167507010984
0.177324080295018,0.835317175080231,-0.631227156109872,"finance",2.65325760168574,2.31446822495232
0.61747791548234,1.33681324719038,-0.0543876206250181,"finance",3.30805556135656,2.12763962686786
18.038690299155,0.555375908068583,0.971212106429537,"finance",3.1457320849182,1.93476854863082
55.637093225708,0.0296803493365839,1.25588659800567,"finance",3.81055257294565,4.29289834504359
49.2629251901348,-0.0240610883172663,1.18845690826358,"finance",2.15780939999853,2.57252782117299
-16.2505839290469,0.0657397251324067,0.493430724001383,"finance",2.74198931953429,3.44502801432936
0.283456905512678,0.89016774794913,-0.291319028168866,"finance",3.31931550839534,-0.157796471903994
41.3249027036701,-0.208232830637903,1.06396612999815,"finance",3.35256922511259,0.391747085299175
37.2588252285097,0.0552592356892952,0.838077754255328,"finance",3.34492260316355,1.65075775748813
0.532141378631248,1.03838465496829,-0.416480718599577,"finance",3.55799114215606,3.47592151197149
-37.7533222890931,0.35110232667487,0.840053257081903,"finance",3.25825756907845,3.04679922730962
-1.06198267031173,0.823192919145027,0.166231518917411,"finance",2.87056836290684,3.47787373134909
60.210073061044,0.214319501424614,1.28425648711332,"finance",3.15177178319602,2.28463580074216
-0.231181325700062,1.02271397724384,-0.258167806508505,"finance",3.50369313439711,1.63929862595041
21.7683324788822,0.0676634131515554,1.4495898607041,"finance",3.66901726215161,1.56552569161999
30.3888711963291,0.549135213267064,0.587596534997728,"finance",2.72878093207198,4.83898512434706
45.5411880946129,0.330495933558516,0.935047255715116,"finance",2.70333113666711,2.19782566599358
-1.35623243803738,1.43052502112702,0.220461868511287,"finance",3.56875286003253,3.71010458433201
-14.3720136798318,0.206084190173438,0.764148972760021,"finance",2.25453410602671,1.02204530182855
58.1000522982843,0.410931101819974,1.13659026535605,"finance",2.96872784008599,2.4134937754436
0.258625107186965,1.22569700830016,-0.611314667638983,"finance",2.8214754159413,2.74107419394216
-0.150824642018832,0.936679877931806,-0.247552039969178,"finance",2.55254176667826,2.10063156270001
49.7448768900241,0.237937235390423,0.749529990903103,"finance",3.33949079749957,1.55033643416895
36.339933212481,0.395418209701466,0.698574721168616,"finance",2.00930747021113,3.021964589348
61.2839088760865,-0.226008851177832,0.837416458287123,"finance",2.90800722961117,3.40253469307638
19.0454924134944,0.60829740608825,1.02905821933106,"finance",2.85663560136434,1.37146122436032
-46.542107871965,0.0644853364471702,0.871854465718096,"finance",3.0955465127488,2.51417717342466
46.3995202653932,0.366146123926495,1.10787424194181,"finance",2.65461881526419,1.68895229882622
0.0463318701923425,1.06551805726594,-0.676734710133338,"finance",3.94014420087557,2.33616151758556
57.8170159359946,0.0458650252736864,0.860015993211382,"finance",2.61830291672866,1.86356615449888
-0.355882954502265,1.14070979447836,-0.0831235858068643,"finance",3.43447226373061,5.42796973668577
0.115757092613642,1.00568455131963,-0.425681083608932,"finance",3.77142893510739,2.8836541636146
41.8982668248173,0.18190313888009,0.990417125355121,"finance",4.12371803763293,2.73832461505952
-17.6073648678765,0.347896869078736,0.837649613475676,"finance",3.6672836316704,2.73515891160083
0.21462161651228,0.859519861043567,-0.436298518353366,"finance",3.43361956673476,3.02242185911768
40.917551127672,0.363422352368784,1.42583785548465,"finance",3.20684399428423,2.50922534096303
0.117224621382776,0.642661293384893,-0.0204038090773017,"finance",3.48160166128918,1.91394018681147
48.5147358433643,0.714688572829586,1.16585895879925,"finance",3.02333509026235,0.835016795080359
12.7840412452906,0.564238689206951,1.34477763954085,"finance",3.1518970673459,3.37777377330903
15.0697408324329,0.437060501605487,0.746483194789533,"finance",2.54531409856487,4.11874023615745
38.4732468472135,0.219878498833909,0.950122956818682,"finance",2.58550359213269,3.33982886851625
23.563744405572,0.0791124591183474,1.05383992058795,"finance",2.83995869259565,1.2993757677221
0.15206999313435,1.14707315241349,-0.732414093297212,"finance",2.57113000952015,3.35490343670336
1.31762575227261,0.359543085074447,0.975499545883523,"finance",3.07258409322273,2.19173616023276
-0.474724790988273,1.13574934736255,-0.125964325376211,"finance",2.77403549446954,1.83871480614616
0.0678353049701619,1.42641310891857,-0.325654868623548,"finance",3.78648264686928,1.55061597718667
1.1609567615643,0.693211382838667,0.973713326795701,"finance",3.38818823000014,2.01364461092701
-0.330518607768553,0.786345271780236,-0.364206368330739,"finance",2.75895314011281,2.38796461583973
-0.203614870030723,1.07045495317893,-0.492273721308326,"finance",3.83892303537183,3.26475704669804
19.5508321041204,0.732367059632317,1.09402429138057,"finance",2.02645585895732,3.74956200304449
-0.757218634589895,1.10262732969289,-0.21247540510404,"finance",2.36601235860223,0.56407048308509
0.093915265301583,0.954295109808492,-0.341772294804716,"finance",2.99044651611238,3.13011253759036
57.7298252556794,0.335857700999031,1.17337290017868,"finance",3.36388620026761,1.76958028027525
0.0949345394224379,0.754431043432314,-0.0963550494230089,"finance",2.72655994906015,1.09961802067732
42.5223719665284,-0.0332985082638556,0.786537831120599,"finance",2.6187022526022,3.2058719751255
0.294682345745308,0.827295290594401,-0.31243245341699,"finance",2.79013887493353,2.87314729044976
25.3577463628156,0.303151054933556,0.873642865779646,"finance",2.85002490627183,1.23549798073603
0.131161577111581,1.20693963316677,-0.562967099022481,"finance",2.5338759843709,2.81376925564596
45.4600873018776,0.339324370588104,0.764162889053316,"finance",2.65506388631274,3.85886438845582
18.300023173611,0.52974201155118,0.856651986659313,"finance",3.249610978526,2.3199790064946
-0.124787463798081,0.929742709910192,-0.190858057640186,"finance",2.26092023945415,1.92036785835658
-0.0620659153023811,0.918844998237263,-0.023077704735226,"finance",2.87598216909655,2.24582215125793
53.244266451406,0.218324191100711,1.20492591144543,"finance",2.25437962396041,2.60553514960039
-0.484064260615958,0.648764847670032,-0.319961501340916,"finance",3.54982251082612,1.24570299711502
0.442733242186521,0.833470595141381,-0.608689362480145,"finance",3.0847070573308,2.03010271720428
33.9695403300488,0.280739878293062,1.31291239635168,"finance",2.86529637563221,2.4012969284088
-14.6986506193921,0.265095148563847,1.0215608830817,"finance",3.08083658275579,3.53359673865355
-19.2352540427553,0.520249653399298,0.88264491990613,"finance",2.81586617261275,2.85700804808033
44.1349636629118,0.119667102903564,0.980831320551519,"finance",2.17655904960424,2.02992544839718
61.5280377767141,0.332545906497599,0.872800972388509,"finance",3.44522340174198,2.19612228217826
35.1216196645389,0.198265772988191,1.33025889671933,"finance",3.4877605972209,3.98614836892101
-0.127982738055887,0.859653477738772,-0.457122781562967,"finance",2.80907321096034,3.48417777340634
